y_true,y_pred,prob_lung_adenocarcinoma,prob_lung_benign,prob_lung_squamous_cell_carcinoma
0,0,0.9045282602310181,0.012832584790885448,0.08263906091451645
2,2,0.03336504474282265,0.011087870225310326,0.955547034740448
2,2,0.013217386789619923,0.0037380435969680548,0.9830445051193237
2,2,0.16891348361968994,0.010873462073504925,0.8202130198478699
1,1,0.009380480274558067,0.9697415828704834,0.020877981558442116
1,1,0.022254616022109985,0.9514315128326416,0.02631390653550625
0,0,0.9783890843391418,0.011281188577413559,0.010329714976251125
1,1,0.013014457188546658,0.9741645455360413,0.01282098051160574
2,2,0.12147828936576843,0.021423377096652985,0.857098400592804
1,1,0.015480296686291695,0.964191198348999,0.02032846212387085
1,1,0.010092868469655514,0.9743132591247559,0.015593940392136574
0,0,0.9099727272987366,0.04713071137666702,0.04289654642343521
1,1,0.13664890825748444,0.8628367185592651,0.0005143648595549166
1,1,0.004964576568454504,0.988663375377655,0.006372092291712761
2,2,0.004734214395284653,0.004615373443812132,0.9906504154205322
0,0,0.510759174823761,0.05512786656618118,0.4341129958629608
0,0,0.997759222984314,0.0016421385807916522,0.0005986060714349151
0,0,0.9831175804138184,0.01426372118294239,0.002618806902319193
0,0,0.9853439927101135,0.004305900540202856,0.010350008495151997
1,1,0.03517937660217285,0.9369993209838867,0.027821343392133713
1,1,0.016896076500415802,0.959566056728363,0.023537825793027878
1,1,0.011177669279277325,0.9724765419960022,0.016345791518688202
2,2,0.01752866618335247,0.005938907619565725,0.9765324592590332
1,1,0.02037709206342697,0.9561810493469238,0.023441867902874947
2,2,0.02962559647858143,0.011910328641533852,0.9584640860557556
2,2,0.07464229315519333,0.018452124670147896,0.9069055318832397
0,0,0.9264019727706909,0.025535861030220985,0.048062194138765335
1,1,0.014967710711061954,0.9684463739395142,0.016585852950811386
1,1,0.01702474057674408,0.9491605758666992,0.03381464257836342
2,2,0.01943100243806839,0.01024697721004486,0.9703220725059509
0,0,0.9572781324386597,0.017735106870532036,0.024986840784549713
0,0,0.9451367855072021,0.026520321145653725,0.028342964127659798
1,1,0.01820620708167553,0.9597230553627014,0.022070715203881264
0,0,0.9101704955101013,0.02821398340165615,0.06161549687385559
0,2,0.1861397624015808,0.027119861915707588,0.7867404222488403
0,0,0.9736027717590332,0.014050678350031376,0.012346615083515644
1,1,0.01617623120546341,0.9662236571311951,0.01760007254779339
2,2,0.003544427687302232,0.004539701621979475,0.9919158816337585
2,2,0.08033271878957748,0.014020557515323162,0.9056467413902283
2,2,0.008058946579694748,0.005411307793110609,0.9865298271179199
2,2,0.010462847538292408,0.006148104090243578,0.9833890795707703
2,2,0.011786863207817078,0.006208695936948061,0.9820044636726379
2,2,0.0657736286520958,0.016120323911309242,0.9181060194969177
1,1,0.030701791867613792,0.9400578141212463,0.02924036607146263
1,1,0.04367007315158844,0.9256517887115479,0.03067811392247677
1,1,0.02133907750248909,0.9640597701072693,0.014601178467273712
1,1,0.015371067449450493,0.9589581489562988,0.025670818984508514
2,2,0.14368516206741333,0.016968367621302605,0.8393465280532837
0,0,0.8527321219444275,0.02672239951789379,0.12054545432329178
1,1,0.008213866502046585,0.9809897541999817,0.010796409100294113
2,2,0.06124500930309296,0.012921796180307865,0.9258332252502441
2,2,0.01474817469716072,0.007565723266452551,0.9776861667633057
1,1,0.009945886209607124,0.9790306687355042,0.011023489758372307
1,1,0.027087509632110596,0.9425144791603088,0.030398018658161163
1,1,0.010473126545548439,0.9679613709449768,0.02156551368534565
2,2,0.025975709781050682,0.011128038167953491,0.9628961682319641
1,1,0.017326168715953827,0.9577444791793823,0.02492937631905079
2,2,0.02319120615720749,0.006628043949604034,0.9701808094978333
0,0,0.8055342435836792,0.026012729853391647,0.16845303773880005
0,0,0.843979001045227,0.021016282960772514,0.1350046992301941
0,0,0.9063776731491089,0.026215940713882446,0.06740638613700867
1,1,0.025214098393917084,0.9459689855575562,0.028816916048526764
1,1,0.029171857982873917,0.9203333258628845,0.05049486458301544
0,2,0.35481488704681396,0.017585312947630882,0.627599835395813
2,2,0.007556792348623276,0.004295866005122662,0.9881473183631897
0,0,0.857504665851593,0.07329458743333817,0.069200798869133
0,2,0.24630911648273468,0.023247065022587776,0.7304438948631287
2,2,0.015405315905809402,0.006729153450578451,0.9778655767440796
2,2,0.24218794703483582,0.04151878133416176,0.7162932753562927
0,0,0.9907121062278748,0.0031768716871738434,0.006111090071499348
1,1,0.016165776178240776,0.96443772315979,0.019396482035517693
2,2,0.004442495293915272,0.005153232719749212,0.9904043674468994
0,0,0.9541538953781128,0.019869394600391388,0.025976739823818207
1,1,0.024062534794211388,0.9412897825241089,0.03464765101671219
0,0,0.6643708348274231,0.05401608347892761,0.2816131114959717
2,2,0.3215126693248749,0.028180090710520744,0.6503072381019592
1,1,0.03201312944293022,0.942294716835022,0.025692129507660866
2,2,0.0058594960719347,0.004974274430423975,0.9891663193702698
0,0,0.9816920757293701,0.011892762035131454,0.006415223237127066
2,2,0.011402207426726818,0.009094775654375553,0.9795030355453491
0,0,0.6522524356842041,0.017526278272271156,0.3302213251590729
0,0,0.9563255906105042,0.02459324151277542,0.01908109150826931
1,1,0.010654964484274387,0.97719806432724,0.012146971188485622
1,1,0.028866540640592575,0.9396499991416931,0.031483426690101624
1,1,0.011287284083664417,0.9735008478164673,0.0152119230479002
1,1,0.016831234097480774,0.959129273891449,0.02403952367603779
1,1,0.011233099736273289,0.9724747538566589,0.0162921454757452
1,1,0.02024412341415882,0.9388178586959839,0.04093806445598602
0,0,0.8937949538230896,0.07685225456953049,0.029352737590670586
0,0,0.7855756878852844,0.036334630101919174,0.17808972299098969
0,0,0.9283238053321838,0.04293127730488777,0.028744898736476898
0,0,0.9343262314796448,0.02916675992310047,0.03650699555873871
1,1,0.024146106094121933,0.9504944682121277,0.02535940147936344
1,1,0.023558130487799644,0.9527531862258911,0.02368868514895439
2,2,0.01741689443588257,0.006046233233064413,0.9765368700027466
1,1,0.016173217445611954,0.9592875242233276,0.024539191275835037
1,1,0.0422959141433239,0.9284066557884216,0.029297415167093277
2,2,0.009887597523629665,0.004251690115779638,0.9858607053756714
0,0,0.9575961232185364,0.017516575753688812,0.02488737925887108
2,2,0.0082791056483984,0.007065469864755869,0.984655499458313
2,2,0.0031608683057129383,0.0031567940022796392,0.9936823844909668
2,2,0.012129886075854301,0.005116801243275404,0.9827532768249512
1,1,0.02494220621883869,0.9531664252281189,0.02189132757484913
1,1,0.011282083578407764,0.9673859477043152,0.021331937983632088
2,2,0.018052838742733,0.010286620818078518,0.9716605544090271
1,1,0.012821623124182224,0.9656834006309509,0.021494966000318527
1,1,0.029894663020968437,0.9558308124542236,0.014274552464485168
1,1,0.02136179246008396,0.9532920718193054,0.02534608542919159
2,2,0.001979795517399907,0.0025666828732937574,0.9954534769058228
1,1,0.010539475828409195,0.9673734903335571,0.022087061777710915
0,0,0.976379930973053,0.013386044651269913,0.010233978740870953
2,2,0.003307981649413705,0.0034626610577106476,0.9932292699813843
1,1,0.02982899360358715,0.9308052062988281,0.03936585411429405
1,1,0.027416933327913284,0.9432064294815063,0.029376637190580368
2,2,0.03414762020111084,0.010251960717141628,0.9556005001068115
0,0,0.5010088086128235,0.0842200517654419,0.41477110981941223
1,1,0.012452184222638607,0.9848526120185852,0.0026952296029776335
2,2,0.08373887091875076,0.012471762485802174,0.9037894010543823
0,0,0.992895781993866,0.0036723429802805185,0.0034318892285227776
2,2,0.01136023923754692,0.004192152991890907,0.9844475984573364
0,0,0.9819138646125793,0.004623483866453171,0.013462665490806103
2,2,0.016640109941363335,0.006210431456565857,0.9771494269371033
2,2,0.01067670900374651,0.006296276114881039,0.9830270409584045
0,0,0.975620448589325,0.010021963156759739,0.014357577078044415
1,1,0.015657605603337288,0.9505844116210938,0.03375798463821411
2,2,0.003193380543962121,0.002966062631458044,0.9938405752182007
2,2,0.05696503072977066,0.014382717199623585,0.9286521673202515
1,1,0.022125406190752983,0.9760357737541199,0.0018388029420748353
0,0,0.9759722948074341,0.021366585046052933,0.0026610824279487133
0,0,0.45537441968917847,0.43645524978637695,0.1081702932715416
2,2,0.022101128473877907,0.011437717825174332,0.9664611220359802
2,2,0.021234452724456787,0.011644718237221241,0.9671208262443542
1,1,0.019227923825383186,0.9549999833106995,0.025772077962756157
1,1,0.01906939409673214,0.9570586681365967,0.023871850222349167
1,1,0.012819211930036545,0.9666852951049805,0.020495519042015076
2,2,0.006141533609479666,0.0051004160195589066,0.9887579679489136
2,0,0.9235469102859497,0.011425896547734737,0.06502712517976761
1,1,0.02786007709801197,0.9519504308700562,0.020189465954899788
0,0,0.9074358344078064,0.01052635908126831,0.08203783631324768
1,1,0.022096771746873856,0.9446033835411072,0.03329988196492195
2,2,0.012924546375870705,0.008787265978753567,0.9782881736755371
1,1,0.03293589502573013,0.9306837320327759,0.036380380392074585
2,2,0.01732960343360901,0.007910680025815964,0.9747597575187683
2,2,0.04764243960380554,0.011128529906272888,0.9412290453910828
0,0,0.7618213891983032,0.04958462342619896,0.18859398365020752
0,2,0.11330606788396835,0.01919861137866974,0.8674953579902649
0,0,0.9580535888671875,0.014573811553418636,0.02737257070839405
0,0,0.9607678055763245,0.02282012812793255,0.016412008553743362
2,2,0.06241871044039726,0.016105297952890396,0.921475887298584
0,0,0.9617025256156921,0.007167026866227388,0.031130386516451836
1,1,0.01751052774488926,0.9685461521148682,0.013943365775048733
0,0,0.9219887852668762,0.05840061977505684,0.01961066573858261
2,2,0.005472707562148571,0.004055672790855169,0.990471601486206
1,1,0.017347194254398346,0.9646447896957397,0.01800801046192646
0,0,0.5800078511238098,0.02044379524886608,0.39954832196235657
0,0,0.5724759697914124,0.03533623740077019,0.39218777418136597
2,0,0.7311105728149414,0.025476401671767235,0.24341295659542084
2,2,0.02909892238676548,0.009707188233733177,0.9611939787864685
0,0,0.9902888536453247,0.007706410251557827,0.002004744950681925
2,2,0.008704361505806446,0.0032514194026589394,0.9880442023277283
1,1,0.024954048916697502,0.955586314201355,0.0194595605134964
2,2,0.1286565363407135,0.017170773819088936,0.8541727066040039
0,0,0.9607523083686829,0.023534908890724182,0.015712840482592583
1,1,0.017417673021554947,0.9588130116462708,0.023769352585077286
1,1,0.015793578699231148,0.9574568867683411,0.02674955502152443
2,2,0.01263001561164856,0.011036749929189682,0.9763333201408386
0,0,0.9644213318824768,0.019909709692001343,0.015668949112296104
0,0,0.5523732304573059,0.028365468606352806,0.4192613661289215
2,2,0.01031486876308918,0.005910307168960571,0.9837749004364014
2,2,0.004764274228364229,0.0036079976707696915,0.9916276931762695
1,1,0.014792400412261486,0.9598062634468079,0.025401316583156586
0,0,0.738556444644928,0.10905833542346954,0.15238523483276367
2,2,0.28630414605140686,0.018327487632632256,0.6953684091567993
2,2,0.012710043229162693,0.009787829592823982,0.977502167224884
2,2,0.007900175638496876,0.0055238730274140835,0.9865759611129761
1,1,0.024303238838911057,0.9602209329605103,0.015475859865546227
2,2,0.07480597496032715,0.021553335711359978,0.9036407470703125
2,2,0.18949733674526215,0.02167942374944687,0.7888233065605164
2,2,0.02793114073574543,0.011433815583586693,0.9606350064277649
0,0,0.9803902506828308,0.007118108216673136,0.012491674162447453
1,1,0.012159033678472042,0.9767282605171204,0.011112773790955544
1,1,0.014670769684016705,0.9583761692047119,0.02695308066904545
1,1,0.01066494733095169,0.9868573546409607,0.002477681962773204
0,0,0.7309973239898682,0.041963912546634674,0.22703874111175537
1,1,0.015170181170105934,0.969819962978363,0.015009889379143715
1,1,0.011801711283624172,0.9673790335655212,0.020819302648305893
2,2,0.024767553433775902,0.013492549769580364,0.9617398977279663
0,0,0.9864851236343384,0.0036836969666182995,0.0098312608897686
2,2,0.08385900408029556,0.02150859124958515,0.8946324586868286
1,1,0.05170135200023651,0.9180278778076172,0.030270813032984734
0,0,0.9238872528076172,0.014681188389658928,0.06143149733543396
2,2,0.13388878107070923,0.06308189779520035,0.8030293583869934
1,1,0.029277894645929337,0.9502149820327759,0.020507166162133217
2,2,0.013950835913419724,0.006613905541598797,0.9794353246688843
0,0,0.9798707962036133,0.007745644077658653,0.012383631430566311
0,0,0.8673970103263855,0.018882572650909424,0.1137203648686409
0,0,0.5812738537788391,0.028476933017373085,0.39024922251701355
1,1,0.008273782208561897,0.9781092405319214,0.013617036864161491
0,0,0.9126778244972229,0.030730342492461205,0.05659177526831627
2,2,0.004516403656452894,0.004434044007211924,0.9910495281219482
0,0,0.9502646923065186,0.010086288675665855,0.03964904323220253
1,1,0.014296621084213257,0.9676909446716309,0.018012424930930138
0,0,0.7392536401748657,0.023681502789258957,0.23706479370594025
0,0,0.8986860513687134,0.01574726216495037,0.08556665480136871
2,2,0.047858476638793945,0.017343811690807343,0.9347977638244629
0,0,0.9807286858558655,0.017056383192539215,0.0022149367723613977
1,1,0.020309055224061012,0.9567357301712036,0.022955263033509254
2,2,0.14733749628067017,0.017478786408901215,0.8351837396621704
2,2,0.010051642544567585,0.0068384562619030476,0.9831098318099976
0,0,0.9819471836090088,0.011529718525707722,0.006523152347654104
0,2,0.18369407951831818,0.030720869079232216,0.7855850458145142
1,1,0.03545304015278816,0.9237693548202515,0.04077763855457306
1,1,0.014621132053434849,0.9835008382797241,0.0018780163954943419
0,0,0.9702572226524353,0.014946339651942253,0.014796525239944458
2,2,0.009220242500305176,0.003848829073831439,0.9869309663772583
0,0,0.9748858213424683,0.01878574676811695,0.006328393705189228
1,1,0.018330661579966545,0.96651691198349,0.015152441337704659
1,1,0.011575328186154366,0.9711384177207947,0.01728624477982521
1,1,0.02274520881474018,0.9409447312355042,0.036309998482465744
0,2,0.40369924902915955,0.0356409028172493,0.5606598854064941
0,2,0.35029107332229614,0.05485035479068756,0.5948585867881775
2,2,0.01791512407362461,0.010944688692688942,0.9711402058601379
1,1,0.02083173394203186,0.9574043154716492,0.021763915196061134
2,2,0.02072741650044918,0.009298427030444145,0.9699742794036865
1,1,0.013794984668493271,0.9675883650779724,0.018616685643792152
1,1,0.016253970563411713,0.9599003791809082,0.023845581337809563
1,1,0.017693255096673965,0.9574804902076721,0.024826236069202423
1,1,0.030585309490561485,0.8713252544403076,0.09808945655822754
0,0,0.8519511222839355,0.02522476576268673,0.12282406538724899
2,2,0.002148715080693364,0.0022603359539061785,0.9955909252166748
1,1,0.009278434328734875,0.9820526242256165,0.008668933995068073
0,0,0.9297756552696228,0.0573389008641243,0.012885463424026966
2,2,0.14104458689689636,0.01615595631301403,0.8427993655204773
1,1,0.01861904002726078,0.9405885338783264,0.040792450308799744
2,2,0.01499168574810028,0.0071842423640191555,0.9778240919113159
2,2,0.008301005698740482,0.006556967739015818,0.9851421117782593
0,0,0.9143251776695251,0.018040969967842102,0.06763394922018051
2,2,0.00861207116395235,0.006559389177709818,0.984828531742096
2,2,0.03302883729338646,0.006809541955590248,0.960161566734314
0,0,0.8786753416061401,0.033422648906707764,0.08790203928947449
2,2,0.0062044532969594,0.004397588316351175,0.9893980026245117
0,0,0.9908220767974854,0.003814163850620389,0.005363706964999437
2,2,0.021815834566950798,0.010248545557260513,0.9679356217384338
1,1,0.013059647753834724,0.9736539125442505,0.013286457397043705
0,0,0.9704533815383911,0.00995111744850874,0.01959545910358429
0,0,0.8968157172203064,0.019870854914188385,0.08331350982189178
0,2,0.42942070960998535,0.026600776240229607,0.5439783930778503
2,2,0.0802975669503212,0.019857464358210564,0.8998450040817261
2,2,0.008969754911959171,0.007924720644950867,0.983105480670929
0,0,0.9850655198097229,0.004883930087089539,0.010050466284155846
0,0,0.9739486575126648,0.01081930287182331,0.015231989324092865
0,0,0.9453683495521545,0.029180893674492836,0.02545076794922352
2,2,0.001467323862016201,0.002358878729864955,0.9961737990379333
1,1,0.015427583828568459,0.9613781571388245,0.02319428324699402
0,0,0.9808220267295837,0.01577487774193287,0.003403028007596731
0,0,0.9374513626098633,0.009121060371398926,0.053427647799253464
1,1,0.02892684005200863,0.9469566345214844,0.024116482585668564
0,0,0.9967275857925415,0.002843267284333706,0.00042920769192278385
2,2,0.07899247854948044,0.008846220560371876,0.9121613502502441
0,1,0.2807461619377136,0.6747375726699829,0.04451628774404526
1,1,0.013323073275387287,0.9719805121421814,0.014696383848786354
0,0,0.9453004002571106,0.03669227659702301,0.01800725981593132
0,0,0.8022927641868591,0.02930578403174877,0.16840149462223053
1,1,0.009504623711109161,0.972429633140564,0.01806570775806904
2,2,0.04644092544913292,0.012022525072097778,0.9415364861488342
2,2,0.08653263747692108,0.015983974561095238,0.8974834084510803
2,2,0.0073044211603701115,0.004307021852582693,0.9883885979652405
1,1,0.016369381919503212,0.9623481631278992,0.021282507106661797
1,1,0.02195068448781967,0.9464359283447266,0.03161333501338959
0,0,0.9534521102905273,0.030241968110203743,0.016305886209011078
2,2,0.00194987328723073,0.0024227427784353495,0.9956272840499878
0,0,0.9318764209747314,0.02333730272948742,0.04478627070784569
0,0,0.9115166068077087,0.011801048181951046,0.07668232917785645
2,2,0.007958774454891682,0.0035803501959890127,0.988460898399353
0,0,0.9397651553153992,0.013309345580637455,0.04692550376057625
2,2,0.007437631953507662,0.00586374057456851,0.9866986274719238
1,1,0.019029969349503517,0.9788596630096436,0.0021104072220623493
0,0,0.896345317363739,0.04271950572729111,0.06093515828251839
1,1,0.011601291596889496,0.9662166833877563,0.022182075306773186
1,1,0.015197760425508022,0.966727077960968,0.018075130879878998
2,2,0.24319934844970703,0.022142842411994934,0.7346577644348145
1,1,0.010625324212014675,0.9782955050468445,0.011079231277108192
0,0,0.8433020710945129,0.012552461586892605,0.1441454440355301
1,1,0.026376385241746902,0.9497113823890686,0.02391224354505539
2,2,0.006472640670835972,0.004544567782431841,0.9889828562736511
1,1,0.02042834833264351,0.9553572535514832,0.024214349687099457
1,1,0.0128681855276227,0.9642571210861206,0.022874683141708374
1,1,0.020247839391231537,0.9599789381027222,0.01977323554456234
1,1,0.030947217717766762,0.9383804798126221,0.03067234717309475
0,0,0.9618905186653137,0.020427126437425613,0.01768236793577671
0,2,0.39193886518478394,0.024209151044487953,0.5838519334793091
1,1,0.029827794060111046,0.9419063925743103,0.028265787288546562
1,1,0.024041252210736275,0.9536716938018799,0.022287022322416306
1,1,0.024164598435163498,0.939261257648468,0.03657420352101326
2,2,0.4037207067012787,0.03194055333733559,0.5643386840820312
2,2,0.005653546191751957,0.004866005387157202,0.9894803762435913
0,0,0.7027559876441956,0.04156007990241051,0.255683958530426
0,0,0.9603463411331177,0.01229741983115673,0.027356166392564774
2,2,0.044302333146333694,0.010114075616002083,0.9455835223197937
1,1,0.0220754686743021,0.977247416973114,0.000677039148285985
0,0,0.988881528377533,0.008418796584010124,0.002699707867577672
1,1,0.013758032582700253,0.9665645956993103,0.019677389413118362
0,0,0.9972122311592102,0.0012346175499260426,0.0015530969249084592
1,1,0.012848534621298313,0.9752508997917175,0.011900543235242367
2,2,0.1506909728050232,0.029698822647333145,0.8196101784706116
1,1,0.024078598245978355,0.9512659907341003,0.02465534210205078
0,0,0.8943035006523132,0.014675348065793514,0.09102122485637665
1,1,0.016633251681923866,0.9640544652938843,0.019312258809804916
2,2,0.03983152285218239,0.01014559157192707,0.9500228762626648
1,1,0.007518351543694735,0.9871746301651001,0.005307059735059738
0,0,0.9774977564811707,0.0055692158639431,0.016933094710111618
0,2,0.4207209646701813,0.04088008776307106,0.5383989810943604
0,0,0.969346821308136,0.007712821941822767,0.022940384224057198
1,1,0.01591848023235798,0.9640312790870667,0.020050181075930595
0,0,0.9049168229103088,0.08429104089736938,0.01079208217561245
2,2,0.4574769139289856,0.03135184943675995,0.5111712217330933
0,2,0.11701512336730957,0.023476863279938698,0.8595079779624939
0,0,0.8287279605865479,0.022292107343673706,0.14897993206977844
2,2,0.06494984030723572,0.02351895533502102,0.9115312695503235
1,1,0.009489217773079872,0.9847747683525085,0.005735951010137796
0,0,0.5435638427734375,0.03717580810189247,0.4192603528499603
0,0,0.8763324022293091,0.040740322321653366,0.08292718976736069
1,1,0.015431761741638184,0.9626207947731018,0.021947406232357025
0,0,0.9910008311271667,0.00419137766584754,0.004807858727872372
1,1,0.019061455503106117,0.9542669653892517,0.02667158655822277
0,0,0.9319605827331543,0.018741613253951073,0.049297742545604706
1,1,0.03307466208934784,0.9318632483482361,0.035062097012996674
1,1,0.01859705150127411,0.9654452800750732,0.01595771685242653
0,0,0.9798572659492493,0.008985185995697975,0.011157537810504436
0,0,0.8331883549690247,0.04202982038259506,0.12478179484605789
1,1,0.02011769451200962,0.9611197710037231,0.018762607127428055
2,2,0.007591646164655685,0.004282554145902395,0.9881258010864258
0,0,0.939685046672821,0.009317399002611637,0.05099748820066452
0,0,0.6976470947265625,0.1371319591999054,0.16522091627120972
2,2,0.005387436598539352,0.005673015024513006,0.9889394640922546
1,1,0.05133988335728645,0.8663452863693237,0.08231480419635773
1,1,0.006788232829421759,0.9855345487594604,0.007677173241972923
1,1,0.007683954201638699,0.9782976508140564,0.014018370769917965
0,0,0.9463186860084534,0.05100353807210922,0.0026777710299938917
2,2,0.012814096175134182,0.011680339463055134,0.975505530834198
0,0,0.8513512015342712,0.019651029258966446,0.12899772822856903
0,0,0.7119683623313904,0.030040409415960312,0.257991224527359
0,0,0.9595973491668701,0.010334053076803684,0.03006860427558422
0,1,0.18059130012989044,0.7986225485801697,0.020786209031939507
0,0,0.9864357113838196,0.005189141724258661,0.008375147357583046
2,2,0.0082980552688241,0.0061795334331691265,0.9855223894119263
1,1,0.02006714604794979,0.9545599818229675,0.025372864678502083
2,2,0.026100583374500275,0.006109819747507572,0.9677895307540894
1,1,0.016459833830595016,0.9592891931533813,0.02425093948841095
0,2,0.2679001986980438,0.026310112327337265,0.7057896852493286
1,1,0.004448618274182081,0.9891695380210876,0.006381836254149675
0,0,0.703886866569519,0.07569948583841324,0.2204136699438095
2,2,0.004933527670800686,0.00448541808873415,0.9905810952186584
0,0,0.9899898767471313,0.004810802172869444,0.005199267994612455
0,0,0.9564846754074097,0.009726651944220066,0.033788684755563736
1,1,0.019369294866919518,0.9644745588302612,0.0161561518907547
0,0,0.7558908462524414,0.04717026650905609,0.19693894684314728
2,2,0.018595010042190552,0.00604978995397687,0.9753550887107849
2,2,0.00945996679365635,0.006898963358253241,0.9836410880088806
1,1,0.021119847893714905,0.9558661580085754,0.023013954982161522
2,2,0.05339595302939415,0.013141454197466373,0.9334626793861389
1,1,0.020103540271520615,0.9395631551742554,0.040333300828933716
2,2,0.005274120718240738,0.004988503642380238,0.989737331867218
2,2,0.057283706963062286,0.01407499797642231,0.9286412596702576
0,0,0.5816356539726257,0.03615424409508705,0.3822100758552551
1,1,0.00911994930356741,0.9797378778457642,0.011142158880829811
2,2,0.027126261964440346,0.008003129623830318,0.9648706912994385
2,2,0.006966782733798027,0.005556348245590925,0.9874768853187561
1,1,0.020904680714011192,0.9519604444503784,0.02713482640683651
0,0,0.951429545879364,0.02308841608464718,0.025482024997472763
2,2,0.04978686198592186,0.010867778211832047,0.9393454194068909
1,1,0.0092818858101964,0.9696944952011108,0.021023649722337723
0,0,0.7891589999198914,0.20928509533405304,0.0015559287276118994
1,1,0.023047227412462234,0.9437308311462402,0.03322196379303932
2,2,0.11424533277750015,0.01205624919384718,0.8736984729766846
2,2,0.11896093934774399,0.018724994733929634,0.8623141050338745
1,1,0.027854828163981438,0.9433377385139465,0.028807446360588074
0,0,0.9290134906768799,0.012260041199624538,0.058726463466882706
2,2,0.01926705613732338,0.014640259556472301,0.9660927057266235
1,1,0.017885202541947365,0.9635117650032043,0.018603067845106125
0,0,0.8763234615325928,0.04148879274725914,0.0821876972913742
1,1,0.025480935350060463,0.9422568082809448,0.03226223215460777
2,2,0.006788698025047779,0.004626014735549688,0.9885852932929993
1,1,0.014047153294086456,0.9568151831626892,0.029137708246707916
1,1,0.012840821407735348,0.9667088985443115,0.020450210198760033
0,0,0.9961483478546143,0.0018798931268975139,0.001971760531887412
0,0,0.9030311703681946,0.015598745085299015,0.0813700258731842
0,0,0.9626085758209229,0.01957477256655693,0.017816679552197456
1,1,0.1542397290468216,0.8309838175773621,0.014776480384171009
0,0,0.9939730763435364,0.005095146596431732,0.0009317599469795823
2,2,0.3495350182056427,0.03178916126489639,0.6186758279800415
2,2,0.011325416155159473,0.007072028238326311,0.9816026091575623
0,0,0.9439818859100342,0.01780378259718418,0.038214311003685
0,0,0.8687456250190735,0.01681153103709221,0.11444278061389923
0,0,0.8593817949295044,0.05167393758893013,0.08894430845975876
0,0,0.9468036890029907,0.014030860736966133,0.039165426045656204
0,0,0.9332635998725891,0.05336977541446686,0.013366693630814552
2,2,0.013914206996560097,0.008908561430871487,0.9771772027015686
1,1,0.027478458359837532,0.9489593505859375,0.023562157526612282
0,0,0.9110280871391296,0.026568008586764336,0.06240388751029968
0,0,0.6516929268836975,0.2518530488014221,0.09645402431488037
2,2,0.0019266000017523766,0.0027194246649742126,0.9953539371490479
2,2,0.007801762782037258,0.003510685870423913,0.9886875152587891
0,0,0.7118616104125977,0.026679575443267822,0.2614588141441345
0,0,0.5330289006233215,0.15768209099769592,0.3092890679836273
0,0,0.8775749206542969,0.02618531323969364,0.09623968601226807
2,2,0.016555439680814743,0.010173400864005089,0.9732711911201477
0,2,0.4687311351299286,0.019688310101628304,0.5115805268287659
2,2,0.005031957756727934,0.006085983477532864,0.9888820052146912
0,0,0.960238516330719,0.020405763760209084,0.01935577020049095
2,2,0.00913249421864748,0.008244527503848076,0.9826229810714722
2,2,0.030013276264071465,0.011332864873111248,0.9586539268493652
2,2,0.10560721904039383,0.014948153868317604,0.8794445991516113
0,0,0.5771476030349731,0.03216860815882683,0.3906838297843933
2,2,0.023164989426732063,0.007913529872894287,0.968921422958374
0,0,0.9812458753585815,0.005322711076587439,0.013431412167847157
0,0,0.9774117469787598,0.018703389912843704,0.003884850535541773
0,0,0.8810496926307678,0.023164642974734306,0.0957857146859169
1,1,0.005946770776063204,0.9890351891517639,0.005018021445721388
2,2,0.028599008917808533,0.007081417832523584,0.9643195271492004
1,1,0.013907007873058319,0.9583475589752197,0.027745358645915985
0,0,0.8794717192649841,0.04908306524157524,0.07144515961408615
2,2,0.01478296983987093,0.006891493685543537,0.9783254861831665
0,0,0.9575961232185364,0.017516575753688812,0.02488737925887108
2,2,0.023864775896072388,0.008458335883915424,0.9676768779754639
2,2,0.0047218031249940395,0.004442119970917702,0.9908360242843628
0,0,0.9465616345405579,0.009480142965912819,0.04395819082856178
1,1,0.01560403872281313,0.9625920057296753,0.02180393971502781
0,0,0.5260727405548096,0.0327807255089283,0.44114652276039124
2,2,0.13623090088367462,0.03166488930583,0.8321042060852051
1,1,0.0392349474132061,0.9274418950080872,0.03332313895225525
2,2,0.019912254065275192,0.011939779855310917,0.9681479334831238
2,2,0.027485230937600136,0.006819655187427998,0.9656950831413269
1,1,0.028641849756240845,0.9373421669006348,0.034015994518995285
2,2,0.01619688980281353,0.007378687616437674,0.9764244556427002
0,0,0.9837438464164734,0.005095805041491985,0.011160329915583134
0,0,0.9614572525024414,0.021908611059188843,0.016634097322821617
0,0,0.9952667951583862,0.0018871198408305645,0.0028460670728236437
2,2,0.025744283571839333,0.01693311519920826,0.9573225975036621
2,2,0.0019617227371782064,0.0015689561842009425,0.9964693784713745
2,2,0.003437953069806099,0.0032834880985319614,0.9932785630226135
1,1,0.02154804952442646,0.9493913054466248,0.02906063385307789
0,0,0.8465343713760376,0.0653143972158432,0.08815125375986099
0,0,0.997079610824585,0.0023005211260169744,0.0006199063500389457
2,2,0.002020271262153983,0.002241561422124505,0.99573814868927
1,1,0.015617340803146362,0.9629331827163696,0.02144947089254856
2,2,0.005694984924048185,0.004020617809146643,0.9902843832969666
0,0,0.9838175773620605,0.004546117968857288,0.011636331677436829
0,0,0.6517723798751831,0.03565139323472977,0.31257614493370056
0,0,0.9692304134368896,0.02392842434346676,0.006841208320111036
2,2,0.23824164271354675,0.021213877946138382,0.7405444383621216
0,0,0.6191101670265198,0.024656368419528008,0.35623347759246826
2,2,0.015312469564378262,0.009165885858237743,0.9755217432975769
1,1,0.015758389607071877,0.9570808410644531,0.027160735800862312
2,2,0.00586010841652751,0.0038379572797566652,0.9903019070625305
0,0,0.649986743927002,0.07984989136457443,0.27016332745552063
2,2,0.022698283195495605,0.013526158407330513,0.9637755751609802
2,2,0.11596541106700897,0.01637570559978485,0.8676589131355286
2,2,0.019398415461182594,0.006541655398905277,0.9740599393844604
2,2,0.010738830082118511,0.006228549871593714,0.9830325245857239
1,1,0.013865985907614231,0.9691694974899292,0.016964545473456383
1,1,0.01663951575756073,0.9630654454231262,0.020295090973377228
1,1,0.03133254870772362,0.9344432353973389,0.03422423079609871
2,2,0.00541923800483346,0.004186772275716066,0.9903939366340637
0,2,0.17974363267421722,0.01722397841513157,0.8030323386192322
0,0,0.9335120916366577,0.05348221957683563,0.013005692511796951
1,1,0.04124767333269119,0.9259536862373352,0.03279859945178032
2,2,0.05097716301679611,0.013460233807563782,0.9355626106262207
2,2,0.015296458266675472,0.008551273494958878,0.976152241230011
2,2,0.006924047134816647,0.005639068316668272,0.9874368906021118
0,0,0.8422409892082214,0.04277780279517174,0.11498130857944489
0,0,0.8288655281066895,0.13587109744548798,0.03526335209608078
0,0,0.8704843521118164,0.04187219217419624,0.08764348179101944
2,2,0.06299175322055817,0.025860855355858803,0.9111472964286804
2,2,0.005152096971869469,0.006363940425217152,0.9884839653968811
0,0,0.925660252571106,0.01736501231789589,0.05697476491332054
1,1,0.05614699423313141,0.8980938792228699,0.0457591637969017
0,0,0.7879651784896851,0.02678704261779785,0.18524782359600067
2,2,0.00478273443877697,0.004467742517590523,0.9907495379447937
1,1,0.03386249393224716,0.94095379114151,0.025183700025081635
2,2,0.018595010042190552,0.00604978995397687,0.9753550887107849
0,0,0.9959036707878113,0.002163582481443882,0.0019327786285430193
0,0,0.9847105145454407,0.006974911782890558,0.00831460952758789
0,0,0.9187920093536377,0.07642248272895813,0.0047855558805167675
0,0,0.9720765948295593,0.009817012585699558,0.018106378614902496
2,2,0.007864854298532009,0.005149539560079575,0.9869856238365173
2,2,0.344754695892334,0.021876906976103783,0.6333684325218201
0,0,0.8332873582839966,0.042788032442331314,0.12392465770244598
1,1,0.017202747985720634,0.9738895297050476,0.008907729759812355
1,1,0.020830856636166573,0.9495198130607605,0.02964925579726696
1,1,0.019233977422118187,0.9573684930801392,0.023397531360387802
0,0,0.9380375146865845,0.04880965128540993,0.013152869418263435
1,1,0.03307466208934784,0.9318632483482361,0.035062097012996674
0,0,0.9827507138252258,0.007560758385807276,0.00968850590288639
0,0,0.7449806928634644,0.2384459525346756,0.016573335975408554
2,2,0.052453428506851196,0.012147694826126099,0.9353988170623779
2,2,0.008256003260612488,0.0035094772465527058,0.9882345199584961
0,0,0.9723787307739258,0.012834938243031502,0.014786364510655403
1,1,0.02152901701629162,0.9590254426002502,0.01944553479552269
1,1,0.005829159636050463,0.9855820536613464,0.008588769473135471
1,1,0.018534192815423012,0.9476855993270874,0.03378015011548996
1,1,0.026551159098744392,0.9306655526161194,0.04278327152132988
2,2,0.3893970847129822,0.03395431116223335,0.5766485929489136
2,2,0.023380974307656288,0.005834246054291725,0.9707848429679871
2,2,0.006667818408459425,0.005796873476356268,0.9875353574752808
1,1,0.016506312415003777,0.9565557241439819,0.026938030496239662
2,2,0.005189407151192427,0.004381147213280201,0.9904294013977051
1,1,0.01829024963080883,0.9539839625358582,0.0277258288115263
1,1,0.04254155233502388,0.9103677272796631,0.047090739011764526
0,0,0.8328440189361572,0.026155738160014153,0.14100027084350586
2,2,0.029166204854846,0.008253052830696106,0.9625807404518127
2,2,0.028417985886335373,0.00821621622890234,0.9633656740188599
2,2,0.004096553195267916,0.004036730155348778,0.9918667674064636
1,1,0.01465462613850832,0.9541137218475342,0.031231673434376717
2,2,0.10708404332399368,0.013561887666583061,0.8793540596961975
2,2,0.005183164030313492,0.006687927059829235,0.9881289601325989
0,0,0.8786017298698425,0.010511059314012527,0.1108873039484024
0,0,0.9609053134918213,0.03043079748749733,0.008663901127874851
0,0,0.575489342212677,0.036266326904296875,0.3882443904876709
0,0,0.9245222210884094,0.014297684654593468,0.06118011847138405
1,1,0.018752260133624077,0.9464026093482971,0.03484509885311127
2,2,0.008277450688183308,0.0066112009808421135,0.9851112961769104
2,2,0.004849851131439209,0.003832991700619459,0.9913171529769897
1,1,0.07073017954826355,0.8513104319572449,0.07795940339565277
2,2,0.005116619169712067,0.0033774012699723244,0.991506040096283
2,2,0.005399237386882305,0.004862229339778423,0.9897385239601135
2,2,0.0034137656912207603,0.0029857561457902193,0.9936004877090454
1,1,0.02128008008003235,0.9489985108375549,0.029721422120928764
2,2,0.014150168746709824,0.008181718178093433,0.977668046951294
1,1,0.01261802390217781,0.9651063680648804,0.022275591269135475
0,0,0.9669156074523926,0.027766529470682144,0.0053179264068603516
0,0,0.9921149611473083,0.004837704822421074,0.0030472956132143736
2,2,0.04429924488067627,0.010929432697594166,0.9447713494300842
2,2,0.0337831974029541,0.008698107674717903,0.9575186967849731
1,1,0.02110220491886139,0.9442806839942932,0.03461713343858719
1,1,0.01687113754451275,0.9616406559944153,0.021488219499588013
0,0,0.7960807681083679,0.02526729926466942,0.17865195870399475
1,1,0.01504669152200222,0.9626926183700562,0.02226066216826439
1,1,0.008419029414653778,0.9798235893249512,0.011757366359233856
1,1,0.01606864109635353,0.964917004108429,0.019014354795217514
0,0,0.9693208336830139,0.00934351235628128,0.021335609257221222
2,2,0.03348556160926819,0.008304815739393234,0.9582096338272095
1,1,0.0112778814509511,0.9630814790725708,0.025640711188316345
0,0,0.9284607172012329,0.034966982901096344,0.03657237067818642
1,1,0.02051651105284691,0.9356849193572998,0.0437985397875309
2,2,0.11191914975643158,0.024700772017240524,0.8633800148963928
2,2,0.1915063112974167,0.014046238735318184,0.7944474816322327
0,0,0.9143251776695251,0.018040969967842102,0.06763394922018051
2,2,0.07155764102935791,0.013464960269629955,0.9149774312973022
1,1,0.010769231244921684,0.9721436500549316,0.017087126150727272
2,2,0.005970868747681379,0.004711909219622612,0.9893172383308411
0,0,0.9364320635795593,0.050038885325193405,0.013529009185731411
1,1,0.009939872659742832,0.9759268164634705,0.014133328571915627
2,2,0.04608738422393799,0.010484399273991585,0.9434282183647156
0,0,0.966292679309845,0.010117152705788612,0.023590225726366043
1,1,0.019206970930099487,0.9541454315185547,0.02664760872721672
1,1,0.01300491951406002,0.9716179370880127,0.015377194620668888
2,2,0.005448921117931604,0.006460163742303848,0.9880908727645874
2,2,0.008259275928139687,0.003476951504126191,0.988263726234436
1,1,0.026976414024829865,0.9480528831481934,0.02497074194252491
1,1,0.017484690994024277,0.9671839475631714,0.015331373549997807
1,1,0.02902420423924923,0.928194522857666,0.04278123006224632
1,1,0.013303518295288086,0.9736776947975159,0.013018769212067127
1,1,0.014771539717912674,0.9594267010688782,0.02580174244940281
1,1,0.03141488879919052,0.9604114294052124,0.008173712529242039
0,0,0.9782060384750366,0.007993361912667751,0.013800560496747494
1,1,0.017726503312587738,0.9783844947814941,0.003889006096869707
0,0,0.9356623888015747,0.029261959716677666,0.03507561236619949
0,0,0.7180553674697876,0.022868331521749496,0.2590762674808502
0,0,0.9895841479301453,0.005519161932170391,0.004896685481071472
0,0,0.9796851277351379,0.010784364305436611,0.009530497714877129
2,2,0.01947365514934063,0.008297589607536793,0.9722288250923157
2,2,0.007840541191399097,0.010588518343865871,0.9815708994865417
1,1,0.015923641622066498,0.965445339679718,0.018631020560860634
2,2,0.0030505224131047726,0.0020386790856719017,0.9949107766151428
1,1,0.016448432579636574,0.9690704345703125,0.01448111142963171
2,2,0.005465338472276926,0.004307994153350592,0.9902266263961792
0,0,0.972116231918335,0.017580419778823853,0.010303391143679619
2,2,0.0031469499226659536,0.0031805322505533695,0.9936724901199341
1,1,0.008645792491734028,0.9750652313232422,0.01628899946808815
2,2,0.011648434214293957,0.009687824174761772,0.9786638021469116
1,1,0.011075517162680626,0.9714013338088989,0.017523182556033134
1,1,0.012845928780734539,0.955209493637085,0.031944531947374344
2,2,0.3448772728443146,0.02303534932434559,0.6320874094963074
0,0,0.9513683915138245,0.046419017016887665,0.002212506951764226
2,2,0.03473256900906563,0.011587941087782383,0.9536795020103455
0,0,0.9967764019966125,0.00148592924233526,0.0017377034528180957
0,0,0.6494196653366089,0.03721638768911362,0.3133639693260193
1,1,0.012789365835487843,0.9552921652793884,0.03191845491528511
0,0,0.9738448262214661,0.020504208281636238,0.005650942213833332
1,1,0.03241518512368202,0.9288227558135986,0.03876207396388054
2,2,0.008556199260056019,0.004211519379168749,0.9872322082519531
1,1,0.01605611853301525,0.964852511882782,0.019091367721557617
2,2,0.020279020071029663,0.0058968584053218365,0.973824143409729
1,1,0.019675368443131447,0.9519874453544617,0.02833719365298748
2,0,0.6597917079925537,0.01784021221101284,0.3223680555820465
2,2,0.1669396609067917,0.016284704208374023,0.8167756795883179
1,1,0.014696034602820873,0.9513172507286072,0.03398674726486206
0,2,0.16962751746177673,0.013781147077679634,0.8165913224220276
0,0,0.5449917316436768,0.015650754794478416,0.4393574595451355
1,1,0.035236455500125885,0.9308040142059326,0.0339595191180706
0,0,0.8371390700340271,0.014505671337246895,0.14835530519485474
2,2,0.07964643836021423,0.01594410091638565,0.9044095277786255
1,1,0.013579142279922962,0.9667497873306274,0.019671039655804634
1,1,0.015832165256142616,0.9547699689865112,0.029397865757346153
2,0,0.5728864073753357,0.04219788312911987,0.38491567969322205
2,2,0.0038801648188382387,0.0033554816618561745,0.992764413356781
2,2,0.02064034342765808,0.008705773390829563,0.9706539511680603
2,2,0.41550061106681824,0.03599529340863228,0.5485040545463562
0,0,0.9796292185783386,0.010117597877979279,0.010253296233713627
1,1,0.00736621767282486,0.9725679755210876,0.02006581239402294
2,2,0.014320955611765385,0.004279273562133312,0.981399655342102
0,0,0.7994014620780945,0.10830691456794739,0.09229154139757156
1,1,0.013824920170009136,0.9618492126464844,0.024325866252183914
2,2,0.03906802088022232,0.008788354694843292,0.9521437287330627
0,0,0.8708630204200745,0.041433583945035934,0.08770338445901871
2,2,0.04053822159767151,0.014019196853041649,0.9454424977302551
1,1,0.017168791964650154,0.9672295451164246,0.01560163777321577
0,0,0.9863550066947937,0.004864183254539967,0.008780798874795437
1,1,0.019038187339901924,0.9669119715690613,0.014049820601940155
2,2,0.0022143805399537086,0.001412652898579836,0.9963730573654175
0,0,0.8587828278541565,0.03292250260710716,0.10829461365938187
1,1,0.024928418919444084,0.93922358751297,0.03584795072674751
1,1,0.007859079167246819,0.9814040660858154,0.010736878961324692
0,0,0.9778409600257874,0.007781223393976688,0.014377771876752377
0,0,0.9463369250297546,0.044800177216529846,0.008862889371812344
2,2,0.006164767779409885,0.00499901594594121,0.9888362288475037
1,1,0.023309940472245216,0.9462096095085144,0.030480414628982544
1,1,0.017179492861032486,0.9503270387649536,0.0324934758245945
2,2,0.012294212356209755,0.004761369898915291,0.9829444289207458
0,0,0.9838371872901917,0.004651121329516172,0.011511703953146935
1,1,0.018895236775279045,0.9573143720626831,0.023790370672941208
2,0,0.7349815964698792,0.01790780760347843,0.24711062014102936
0,0,0.897445797920227,0.05877910926938057,0.04377511143684387
1,1,0.010018941946327686,0.9882053136825562,0.0017757583409547806
0,2,0.09604794532060623,0.017974846065044403,0.8859772682189941
2,2,0.12705688178539276,0.010019224137067795,0.8629239797592163
2,2,0.060487791895866394,0.013723705895245075,0.9257885217666626
1,1,0.013003851287066936,0.9788387417793274,0.008157401345670223
2,2,0.118165984749794,0.019601840525865555,0.8622322082519531
1,1,0.014710095711052418,0.9743636846542358,0.010926173068583012
2,2,0.03482682630419731,0.01262914203107357,0.9525439739227295
1,1,0.02074824459850788,0.9503684043884277,0.02888336591422558
2,2,0.024470096454024315,0.006928624585270882,0.9686012864112854
1,1,0.01731235533952713,0.9578387141227722,0.024848908185958862
0,0,0.8903133273124695,0.020144477486610413,0.08954218029975891
0,2,0.048769958317279816,0.01314855832606554,0.9380815029144287
0,0,0.9452685713768005,0.03555482625961304,0.019176574423909187
2,2,0.008832931518554688,0.006694228854030371,0.9844728112220764
0,0,0.9166194796562195,0.014269043691456318,0.06911149621009827
0,0,0.9394715428352356,0.02782699465751648,0.032701537013053894
2,2,0.47563421726226807,0.04493898153305054,0.4794268310070038
1,1,0.013651294633746147,0.965343713760376,0.02100498043000698
2,2,0.06541678309440613,0.018033869564533234,0.9165493845939636
2,2,0.019173670560121536,0.009286253713071346,0.9715400338172913
0,0,0.8892700672149658,0.037698592990636826,0.07303137332201004
0,0,0.8908547163009644,0.04816208407282829,0.06098321080207825
2,2,0.011715293861925602,0.0074319117702543736,0.9808529019355774
0,0,0.7214513421058655,0.077554851770401,0.20099374651908875
0,0,0.6871309280395508,0.17491549253463745,0.13795353472232819
2,2,0.009989950805902481,0.0061990683898329735,0.9838109612464905
1,1,0.03370729833841324,0.9179365634918213,0.048356205224990845
2,2,0.02429734542965889,0.00970159936696291,0.9660011529922485
0,0,0.9956592321395874,0.002772755455225706,0.001568094827234745
2,2,0.0010304341558367014,0.0022052146960049868,0.9967643022537231
0,0,0.9714855551719666,0.0060286745429039,0.022485701367259026
1,1,0.017468173056840897,0.9607849717140198,0.021746857091784477
1,1,0.03284774720668793,0.9391319155693054,0.02802029810845852
2,2,0.003903282107785344,0.0022252630442380905,0.9938714504241943
1,0,0.5046588778495789,0.4897294342517853,0.005611725617200136
1,1,0.016908101737499237,0.9717335104942322,0.011358355171978474
2,2,0.17195650935173035,0.01223992370069027,0.8158035278320312
2,2,0.04547138512134552,0.009541510604321957,0.9449871182441711
2,2,0.0025194392073899508,0.003163251793012023,0.994317352771759
2,2,0.09450095146894455,0.015587438829243183,0.8899116516113281
2,2,0.0034618419595062733,0.001826965599320829,0.9947112798690796
0,0,0.9195372462272644,0.032271940261125565,0.04819091409444809
0,0,0.9446240067481995,0.046488258987665176,0.00888771191239357
0,0,0.9508708119392395,0.008251745253801346,0.04087742418050766
0,0,0.8930568695068359,0.034288980066776276,0.07265417277812958
2,2,0.10499423742294312,0.018165497109293938,0.8768402338027954
1,1,0.04250138998031616,0.8871638774871826,0.07033473253250122
1,1,0.015219584107398987,0.9623528122901917,0.02242758683860302
2,2,0.02423977293074131,0.007983366958796978,0.967776894569397
1,1,0.01898953877389431,0.948095977306366,0.032914455980062485
0,0,0.8671600222587585,0.026761548593640327,0.10607844591140747
0,0,0.9788463115692139,0.009320061653852463,0.011833630502223969
0,0,0.9918659329414368,0.003123454749584198,0.005010677967220545
1,1,0.003964833915233612,0.9907440543174744,0.0052911690436303616
1,1,0.01858597993850708,0.9652364253997803,0.016177630051970482
2,2,0.01407870277762413,0.0063813310116529465,0.9795398712158203
1,1,0.010151313617825508,0.9692641496658325,0.020584536716341972
2,2,0.026145752519369125,0.009463404305279255,0.9643908143043518
1,1,0.013106334954500198,0.9674851298332214,0.01940854825079441
0,0,0.9097815752029419,0.05676441639661789,0.0334540493786335
1,1,0.016165776178240776,0.96443772315979,0.019396482035517693
2,2,0.014428350143134594,0.004710077773779631,0.9808616042137146
1,1,0.020614350214600563,0.9525182247161865,0.026867372915148735
0,2,0.3211168944835663,0.03164907172322273,0.6472340822219849
1,1,0.02184881642460823,0.9504097104072571,0.027741454541683197
0,0,0.5889520645141602,0.020845938473939896,0.39020195603370667
2,2,0.04790125787258148,0.014843768440186977,0.9372549653053284
2,0,0.714439332485199,0.023461010307073593,0.26209962368011475
1,1,0.016572238877415657,0.9652795195579529,0.01814827136695385
1,1,0.016616592183709145,0.9596123695373535,0.023771071806550026
1,1,0.022530708461999893,0.95472651720047,0.022742820903658867
1,1,0.01878293603658676,0.9594806432723999,0.021736396476626396
1,1,0.018878469243645668,0.9592470526695251,0.02187441848218441
0,0,0.8676825165748596,0.018485508859157562,0.11383199691772461
1,1,0.006714599672704935,0.9849531650543213,0.008332174271345139
1,1,0.01548718847334385,0.9510729312896729,0.03343985602259636
2,2,0.051679521799087524,0.012611450627446175,0.9357089996337891
1,1,0.01385919563472271,0.9738500714302063,0.012290768325328827
1,1,0.01668466255068779,0.9590389132499695,0.024276424199342728
1,1,0.0374576598405838,0.9160906076431274,0.046451736241579056
0,2,0.39516156911849976,0.04233485832810402,0.5625036358833313
0,0,0.9700526595115662,0.02606363222002983,0.003883729223161936
2,2,0.04609992727637291,0.008678513579070568,0.945221483707428
1,1,0.01071873027831316,0.9602084755897522,0.029072759672999382
1,1,0.031704794615507126,0.9332625269889832,0.035032644867897034
