record_id,model,method,filepath,filename,true_class,pred_class,confidence,correct,category,target_layer,border_energy_fraction,original_path,heatmap_path,overlay_path,status,timestamp
adenocarcinoma_correct_normal_confidence_001,MiniConvNet,gradcam,C:\Users\shrey\Downloads\MIP_project_part2\Lung-Cancer-Classification-\Lung-Cancer-Classification-\Data\test\adenocarcinoma\000135 (5).png,000135 (5).png,adenocarcinoma,adenocarcinoma,0.42428773641586304,True,correct_normal_confidence,pool_extra,0.0,C:\Users\shrey\Downloads\MIP_project_part2\Lung-Cancer-Classification-\Lung-Cancer-Classification-\results\gradcam\images\adenocarcinoma_correct_normal_confidence_001_MiniConvNet_gradcam_original.png,C:\Users\shrey\Downloads\MIP_project_part2\Lung-Cancer-Classification-\Lung-Cancer-Classification-\results\gradcam\images\adenocarcinoma_correct_normal_confidence_001_MiniConvNet_gradcam_heatmap.png,C:\Users\shrey\Downloads\MIP_project_part2\Lung-Cancer-Classification-\Lung-Cancer-Classification-\results\gradcam\images\adenocarcinoma_correct_normal_confidence_001_MiniConvNet_gradcam_overlay.png,ok,2026-09-06T16:43:26
adenocarcinoma_correct_normal_confidence_001,MiniConvNet,gradcam_plusplus,C:\Users\shrey\Downloads\MIP_project_part2\Lung-Cancer-Classification-\Lung-Cancer-Classification-\Data\test\adenocarcinoma\000135 (5).png,000135 (5).png,adenocarcinoma,adenocarcinoma,0.42428773641586304,True,correct_normal_confidence,pool_extra,0.4999604271852175,C:\Users\shrey\Downloads\MIP_project_part2\Lung-Cancer-Classification-\Lung-Cancer-Classification-\results\gradcam\images\adenocarcinoma_correct_normal_confidence_001_MiniConvNet_gradcam_plusplus_original.png,C:\Users\shrey\Downloads\MIP_project_part2\Lung-Cancer-Classification-\Lung-Cancer-Classification-\results\gradcam\images\adenocarcinoma_correct_normal_confidence_001_MiniConvNet_gradcam_plusplus_heatmap.png,C:\Users\shrey\Downloads\MIP_project_part2\Lung-Cancer-Classification-\Lung-Cancer-Classification-\results\gradcam\images\adenocarcinoma_correct_normal_confidence_001_MiniConvNet_gradcam_plusplus_overlay.png,ok,2026-09-06T16:43:26
adenocarcinoma_correct_high_confidence_002,MiniConvNet,gradcam,C:\Users\shrey\Downloads\MIP_project_part2\Lung-Cancer-Classification-\Lung-Cancer-Classification-\Data\test\adenocarcinoma\000171.png,000171.png,adenocarcinoma,adenocarcinoma,0.8961822390556335,True,correct_high_confidence,pool_extra,0.0,C:\Users\shrey\Downloads\MIP_project_part2\Lung-Cancer-Classification-\Lung-Cancer-Classification-\results\gradcam\images\adenocarcinoma_correct_high_confidence_002_MiniConvNet_gradcam_original.png,C:\Users\shrey\Downloads\MIP_project_part2\Lung-Cancer-Classification-\Lung-Cancer-Classification-\results\gradcam\images\adenocarcinoma_correct_high_confidence_002_MiniConvNet_gradcam_heatmap.png,C:\Users\shrey\Downloads\MIP_project_part2\Lung-Cancer-Classification-\Lung-Cancer-Classification-\results\gradcam\images\adenocarcinoma_correct_high_confidence_002_MiniConvNet_gradcam_overlay.png,ok,2026-09-06T16:43:26
adenocarcinoma_correct_high_confidence_002,MiniConvNet,gradcam_plusplus,C:\Users\shrey\Downloads\MIP_project_part2\Lung-Cancer-Classification-\Lung-Cancer-Classification-\Data\test\adenocarcinoma\000171.png,000171.png,adenocarcinoma,adenocarcinoma,0.8961822390556335,True,correct_high_confidence,pool_extra,0.6040048424395897,C:\Users\shrey\Downloads\MIP_project_part2\Lung-Cancer-Classification-\Lung-Cancer-Classification-\results\gradcam\images\adenocarcinoma_correct_high_confidence_002_MiniConvNet_gradcam_plusplus_original.png,C:\Users\shrey\Downloads\MIP_project_part2\Lung-Cancer-Classification-\Lung-Cancer-Classification-\results\gradcam\images\adenocarcinoma_correct_high_confidence_002_MiniConvNet_gradcam_plusplus_heatmap.png,C:\Users\shrey\Downloads\MIP_project_part2\Lung-Cancer-Classification-\Lung-Cancer-Classification-\results\gradcam\images\adenocarcinoma_correct_high_confidence_002_MiniConvNet_gradcam_plusplus_overlay.png,ok,2026-09-06T16:43:26
adenocarcinoma_incorrect_normal_confidence_003,MiniConvNet,gradcam,C:\Users\shrey\Downloads\MIP_project_part2\Lung-Cancer-Classification-\Lung-Cancer-Classification-\Data\test\adenocarcinoma\000149 (4).png,000149 (4).png,adenocarcinoma,large.cell.carcinoma,0.4020344018936157,False,incorrect_normal_confidence,pool_extra,0.7296798172541199,C:\Users\shrey\Downloads\MIP_project_part2\Lung-Cancer-Classification-\Lung-Cancer-Classification-\results\gradcam\images\adenocarcinoma_incorrect_normal_confidence_003_MiniConvNet_gradcam_original.png,C:\Users\shrey\Downloads\MIP_project_part2\Lung-Cancer-Classification-\Lung-Cancer-Classification-\results\gradcam\images\adenocarcinoma_incorrect_normal_confidence_003_MiniConvNet_gradcam_heatmap.png,C:\Users\shrey\Downloads\MIP_project_part2\Lung-Cancer-Classification-\Lung-Cancer-Classification-\results\gradcam\images\adenocarcinoma_incorrect_normal_confidence_003_MiniConvNet_gradcam_overlay.png,ok,2026-09-06T16:43:26
adenocarcinoma_incorrect_normal_confidence_003,MiniConvNet,gradcam_plusplus,C:\Users\shrey\Downloads\MIP_project_part2\Lung-Cancer-Classification-\Lung-Cancer-Classification-\Data\test\adenocarcinoma\000149 (4).png,000149 (4).png,adenocarcinoma,large.cell.carcinoma,0.4020344018936157,False,incorrect_normal_confidence,pool_extra,0.6029061309151947,C:\Users\shrey\Downloads\MIP_project_part2\Lung-Cancer-Classification-\Lung-Cancer-Classification-\results\gradcam\images\adenocarcinoma_incorrect_normal_confidence_003_MiniConvNet_gradcam_plusplus_original.png,C:\Users\shrey\Downloads\MIP_project_part2\Lung-Cancer-Classification-\Lung-Cancer-Classification-\results\gradcam\images\adenocarcinoma_incorrect_normal_confidence_003_MiniConvNet_gradcam_plusplus_heatmap.png,C:\Users\shrey\Downloads\MIP_project_part2\Lung-Cancer-Classification-\Lung-Cancer-Classification-\results\gradcam\images\adenocarcinoma_incorrect_normal_confidence_003_MiniConvNet_gradcam_plusplus_overlay.png,ok,2026-09-06T16:43:26
adenocarcinoma_incorrect_high_confidence_004,MiniConvNet,gradcam,C:\Users\shrey\Downloads\MIP_project_part2\Lung-Cancer-Classification-\Lung-Cancer-Classification-\Data\test\adenocarcinoma\000158 (3).png,000158 (3).png,adenocarcinoma,large.cell.carcinoma,0.7645755410194397,False,incorrect_high_confidence,pool_extra,0.5889801506882804,C:\Users\shrey\Downloads\MIP_project_part2\Lung-Cancer-Classification-\Lung-Cancer-Classification-\results\gradcam\images\adenocarcinoma_incorrect_high_confidence_004_MiniConvNet_gradcam_original.png,C:\Users\shrey\Downloads\MIP_project_part2\Lung-Cancer-Classification-\Lung-Cancer-Classification-\results\gradcam\images\adenocarcinoma_incorrect_high_confidence_004_MiniConvNet_gradcam_heatmap.png,C:\Users\shrey\Downloads\MIP_project_part2\Lung-Cancer-Classification-\Lung-Cancer-Classification-\results\gradcam\images\adenocarcinoma_incorrect_high_confidence_004_MiniConvNet_gradcam_overlay.png,ok,2026-09-06T16:43:26
adenocarcinoma_incorrect_high_confidence_004,MiniConvNet,gradcam_plusplus,C:\Users\shrey\Downloads\MIP_project_part2\Lung-Cancer-Classification-\Lung-Cancer-Classification-\Data\test\adenocarcinoma\000158 (3).png,000158 (3).png,adenocarcinoma,large.cell.carcinoma,0.7645755410194397,False,incorrect_high_confidence,pool_extra,0.5429095291678329,C:\Users\shrey\Downloads\MIP_project_part2\Lung-Cancer-Classification-\Lung-Cancer-Classification-\results\gradcam\images\adenocarcinoma_incorrect_high_confidence_004_MiniConvNet_gradcam_plusplus_original.png,C:\Users\shrey\Downloads\MIP_project_part2\Lung-Cancer-Classification-\Lung-Cancer-Classification-\results\gradcam\images\adenocarcinoma_incorrect_high_confidence_004_MiniConvNet_gradcam_plusplus_heatmap.png,C:\Users\shrey\Downloads\MIP_project_part2\Lung-Cancer-Classification-\Lung-Cancer-Classification-\results\gradcam\images\adenocarcinoma_incorrect_high_confidence_004_MiniConvNet_gradcam_plusplus_overlay.png,ok,2026-09-06T16:43:26
large.cell.carcinoma_correct_normal_confidence_005,MiniConvNet,gradcam,C:\Users\shrey\Downloads\MIP_project_part2\Lung-Cancer-Classification-\Lung-Cancer-Classification-\Data\test\large.cell.carcinoma\000133 (2).png,000133 (2).png,large.cell.carcinoma,large.cell.carcinoma,0.5819500088691711,True,correct_normal_confidence,pool_extra,0.595132849973902,C:\Users\shrey\Downloads\MIP_project_part2\Lung-Cancer-Classification-\Lung-Cancer-Classification-\results\gradcam\images\large.cell.carcinoma_correct_normal_confidence_005_MiniConvNet_gradcam_original.png,C:\Users\shrey\Downloads\MIP_project_part2\Lung-Cancer-Classification-\Lung-Cancer-Classification-\results\gradcam\images\large.cell.carcinoma_correct_normal_confidence_005_MiniConvNet_gradcam_heatmap.png,C:\Users\shrey\Downloads\MIP_project_part2\Lung-Cancer-Classification-\Lung-Cancer-Classification-\results\gradcam\images\large.cell.carcinoma_correct_normal_confidence_005_MiniConvNet_gradcam_overlay.png,ok,2026-09-06T16:43:27
large.cell.carcinoma_correct_normal_confidence_005,MiniConvNet,gradcam_plusplus,C:\Users\shrey\Downloads\MIP_project_part2\Lung-Cancer-Classification-\Lung-Cancer-Classification-\Data\test\large.cell.carcinoma\000133 (2).png,000133 (2).png,large.cell.carcinoma,large.cell.carcinoma,0.5819500088691711,True,correct_normal_confidence,pool_extra,0.5566038566012012,C:\Users\shrey\Downloads\MIP_project_part2\Lung-Cancer-Classification-\Lung-Cancer-Classification-\results\gradcam\images\large.cell.carcinoma_correct_normal_confidence_005_MiniConvNet_gradcam_plusplus_original.png,C:\Users\shrey\Downloads\MIP_project_part2\Lung-Cancer-Classification-\Lung-Cancer-Classification-\results\gradcam\images\large.cell.carcinoma_correct_normal_confidence_005_MiniConvNet_gradcam_plusplus_heatmap.png,C:\Users\shrey\Downloads\MIP_project_part2\Lung-Cancer-Classification-\Lung-Cancer-Classification-\results\gradcam\images\large.cell.carcinoma_correct_normal_confidence_005_MiniConvNet_gradcam_plusplus_overlay.png,ok,2026-09-06T16:43:27
large.cell.carcinoma_correct_high_confidence_006,MiniConvNet,gradcam,C:\Users\shrey\Downloads\MIP_project_part2\Lung-Cancer-Classification-\Lung-Cancer-Classification-\Data\test\large.cell.carcinoma\000149.png,000149.png,large.cell.carcinoma,large.cell.carcinoma,0.8191360235214233,True,correct_high_confidence,pool_extra,0.7222368950964374,C:\Users\shrey\Downloads\MIP_project_part2\Lung-Cancer-Classification-\Lung-Cancer-Classification-\results\gradcam\images\large.cell.carcinoma_correct_high_confidence_006_MiniConvNet_gradcam_original.png,C:\Users\shrey\Downloads\MIP_project_part2\Lung-Cancer-Classification-\Lung-Cancer-Classification-\results\gradcam\images\large.cell.carcinoma_correct_high_confidence_006_MiniConvNet_gradcam_heatmap.png,C:\Users\shrey\Downloads\MIP_project_part2\Lung-Cancer-Classification-\Lung-Cancer-Classification-\results\gradcam\images\large.cell.carcinoma_correct_high_confidence_006_MiniConvNet_gradcam_overlay.png,ok,2026-09-06T16:43:27
large.cell.carcinoma_correct_high_confidence_006,MiniConvNet,gradcam_plusplus,C:\Users\shrey\Downloads\MIP_project_part2\Lung-Cancer-Classification-\Lung-Cancer-Classification-\Data\test\large.cell.carcinoma\000149.png,000149.png,large.cell.carcinoma,large.cell.carcinoma,0.8191360235214233,True,correct_high_confidence,pool_extra,0.560365872217402,C:\Users\shrey\Downloads\MIP_project_part2\Lung-Cancer-Classification-\Lung-Cancer-Classification-\results\gradcam\images\large.cell.carcinoma_correct_high_confidence_006_MiniConvNet_gradcam_plusplus_original.png,C:\Users\shrey\Downloads\MIP_project_part2\Lung-Cancer-Classification-\Lung-Cancer-Classification-\results\gradcam\images\large.cell.carcinoma_correct_high_confidence_006_MiniConvNet_gradcam_plusplus_heatmap.png,C:\Users\shrey\Downloads\MIP_project_part2\Lung-Cancer-Classification-\Lung-Cancer-Classification-\results\gradcam\images\large.cell.carcinoma_correct_high_confidence_006_MiniConvNet_gradcam_plusplus_overlay.png,ok,2026-09-06T16:43:27
large.cell.carcinoma_incorrect_normal_confidence_007,MiniConvNet,gradcam,C:\Users\shrey\Downloads\MIP_project_part2\Lung-Cancer-Classification-\Lung-Cancer-Classification-\Data\test\large.cell.carcinoma\000147 (2).png,000147 (2).png,large.cell.carcinoma,squamous.cell.carcinoma,0.5248028635978699,False,incorrect_normal_confidence,pool_extra,,,,,"failed: degenerate heatmap: {'finite': True, 'nonzero': False, 'varies': False, 'reliable': False}",2026-09-06T16:43:27.390885
large.cell.carcinoma_incorrect_normal_confidence_007,MiniConvNet,gradcam_plusplus,C:\Users\shrey\Downloads\MIP_project_part2\Lung-Cancer-Classification-\Lung-Cancer-Classification-\Data\test\large.cell.carcinoma\000147 (2).png,000147 (2).png,large.cell.carcinoma,squamous.cell.carcinoma,0.5248028635978699,False,incorrect_normal_confidence,pool_extra,0.6262527168551787,C:\Users\shrey\Downloads\MIP_project_part2\Lung-Cancer-Classification-\Lung-Cancer-Classification-\results\gradcam\images\large.cell.carcinoma_incorrect_normal_confidence_007_MiniConvNet_gradcam_plusplus_original.png,C:\Users\shrey\Downloads\MIP_project_part2\Lung-Cancer-Classification-\Lung-Cancer-Classification-\results\gradcam\images\large.cell.carcinoma_incorrect_normal_confidence_007_MiniConvNet_gradcam_plusplus_heatmap.png,C:\Users\shrey\Downloads\MIP_project_part2\Lung-Cancer-Classification-\Lung-Cancer-Classification-\results\gradcam\images\large.cell.carcinoma_incorrect_normal_confidence_007_MiniConvNet_gradcam_plusplus_overlay.png,ok,2026-09-06T16:43:27
normal_correct_high_confidence_008,MiniConvNet,gradcam,C:\Users\shrey\Downloads\MIP_project_part2\Lung-Cancer-Classification-\Lung-Cancer-Classification-\Data\test\normal\10 - Copy.png,10 - Copy.png,normal,normal,0.9938371777534485,True,correct_high_confidence,pool_extra,0.4707775566740333,C:\Users\shrey\Downloads\MIP_project_part2\Lung-Cancer-Classification-\Lung-Cancer-Classification-\results\gradcam\images\normal_correct_high_confidence_008_MiniConvNet_gradcam_original.png,C:\Users\shrey\Downloads\MIP_project_part2\Lung-Cancer-Classification-\Lung-Cancer-Classification-\results\gradcam\images\normal_correct_high_confidence_008_MiniConvNet_gradcam_heatmap.png,C:\Users\shrey\Downloads\MIP_project_part2\Lung-Cancer-Classification-\Lung-Cancer-Classification-\results\gradcam\images\normal_correct_high_confidence_008_MiniConvNet_gradcam_overlay.png,ok,2026-09-06T16:43:27
normal_correct_high_confidence_008,MiniConvNet,gradcam_plusplus,C:\Users\shrey\Downloads\MIP_project_part2\Lung-Cancer-Classification-\Lung-Cancer-Classification-\Data\test\normal\10 - Copy.png,10 - Copy.png,normal,normal,0.9938371777534485,True,correct_high_confidence,pool_extra,0.5469436910033743,C:\Users\shrey\Downloads\MIP_project_part2\Lung-Cancer-Classification-\Lung-Cancer-Classification-\results\gradcam\images\normal_correct_high_confidence_008_MiniConvNet_gradcam_plusplus_original.png,C:\Users\shrey\Downloads\MIP_project_part2\Lung-Cancer-Classification-\Lung-Cancer-Classification-\results\gradcam\images\normal_correct_high_confidence_008_MiniConvNet_gradcam_plusplus_heatmap.png,C:\Users\shrey\Downloads\MIP_project_part2\Lung-Cancer-Classification-\Lung-Cancer-Classification-\results\gradcam\images\normal_correct_high_confidence_008_MiniConvNet_gradcam_plusplus_overlay.png,ok,2026-09-06T16:43:27
normal_incorrect_normal_confidence_009,MiniConvNet,gradcam,C:\Users\shrey\Downloads\MIP_project_part2\Lung-Cancer-Classification-\Lung-Cancer-Classification-\Data\test\normal\23.png,23.png,normal,adenocarcinoma,0.7370414137840271,False,incorrect_normal_confidence,pool_extra,0.07960399652848146,C:\Users\shrey\Downloads\MIP_project_part2\Lung-Cancer-Classification-\Lung-Cancer-Classification-\results\gradcam\images\normal_incorrect_normal_confidence_009_MiniConvNet_gradcam_original.png,C:\Users\shrey\Downloads\MIP_project_part2\Lung-Cancer-Classification-\Lung-Cancer-Classification-\results\gradcam\images\normal_incorrect_normal_confidence_009_MiniConvNet_gradcam_heatmap.png,C:\Users\shrey\Downloads\MIP_project_part2\Lung-Cancer-Classification-\Lung-Cancer-Classification-\results\gradcam\images\normal_incorrect_normal_confidence_009_MiniConvNet_gradcam_overlay.png,ok,2026-09-06T16:43:27
normal_incorrect_normal_confidence_009,MiniConvNet,gradcam_plusplus,C:\Users\shrey\Downloads\MIP_project_part2\Lung-Cancer-Classification-\Lung-Cancer-Classification-\Data\test\normal\23.png,23.png,normal,adenocarcinoma,0.7370414137840271,False,incorrect_normal_confidence,pool_extra,0.6755183994359433,C:\Users\shrey\Downloads\MIP_project_part2\Lung-Cancer-Classification-\Lung-Cancer-Classification-\results\gradcam\images\normal_incorrect_normal_confidence_009_MiniConvNet_gradcam_plusplus_original.png,C:\Users\shrey\Downloads\MIP_project_part2\Lung-Cancer-Classification-\Lung-Cancer-Classification-\results\gradcam\images\normal_incorrect_normal_confidence_009_MiniConvNet_gradcam_plusplus_heatmap.png,C:\Users\shrey\Downloads\MIP_project_part2\Lung-Cancer-Classification-\Lung-Cancer-Classification-\results\gradcam\images\normal_incorrect_normal_confidence_009_MiniConvNet_gradcam_plusplus_overlay.png,ok,2026-09-06T16:43:27
normal_incorrect_high_confidence_010,MiniConvNet,gradcam,C:\Users\shrey\Downloads\MIP_project_part2\Lung-Cancer-Classification-\Lung-Cancer-Classification-\Data\test\normal\normal - Copy.png,normal - Copy.png,normal,adenocarcinoma,0.7713081240653992,False,incorrect_high_confidence,pool_extra,0.0007545291484618455,C:\Users\shrey\Downloads\MIP_project_part2\Lung-Cancer-Classification-\Lung-Cancer-Classification-\results\gradcam\images\normal_incorrect_high_confidence_010_MiniConvNet_gradcam_original.png,C:\Users\shrey\Downloads\MIP_project_part2\Lung-Cancer-Classification-\Lung-Cancer-Classification-\results\gradcam\images\normal_incorrect_high_confidence_010_MiniConvNet_gradcam_heatmap.png,C:\Users\shrey\Downloads\MIP_project_part2\Lung-Cancer-Classification-\Lung-Cancer-Classification-\results\gradcam\images\normal_incorrect_high_confidence_010_MiniConvNet_gradcam_overlay.png,ok,2026-09-06T16:43:28
normal_incorrect_high_confidence_010,MiniConvNet,gradcam_plusplus,C:\Users\shrey\Downloads\MIP_project_part2\Lung-Cancer-Classification-\Lung-Cancer-Classification-\Data\test\normal\normal - Copy.png,normal - Copy.png,normal,adenocarcinoma,0.7713081240653992,False,incorrect_high_confidence,pool_extra,0.6846497900290777,C:\Users\shrey\Downloads\MIP_project_part2\Lung-Cancer-Classification-\Lung-Cancer-Classification-\results\gradcam\images\normal_incorrect_high_confidence_010_MiniConvNet_gradcam_plusplus_original.png,C:\Users\shrey\Downloads\MIP_project_part2\Lung-Cancer-Classification-\Lung-Cancer-Classification-\results\gradcam\images\normal_incorrect_high_confidence_010_MiniConvNet_gradcam_plusplus_heatmap.png,C:\Users\shrey\Downloads\MIP_project_part2\Lung-Cancer-Classification-\Lung-Cancer-Classification-\results\gradcam\images\normal_incorrect_high_confidence_010_MiniConvNet_gradcam_plusplus_overlay.png,ok,2026-09-06T16:43:28
squamous.cell.carcinoma_correct_normal_confidence_011,MiniConvNet,gradcam,C:\Users\shrey\Downloads\MIP_project_part2\Lung-Cancer-Classification-\Lung-Cancer-Classification-\Data\test\squamous.cell.carcinoma\000134 (5).png,000134 (5).png,squamous.cell.carcinoma,squamous.cell.carcinoma,0.5204182863235474,True,correct_normal_confidence,pool_extra,0.0,C:\Users\shrey\Downloads\MIP_project_part2\Lung-Cancer-Classification-\Lung-Cancer-Classification-\results\gradcam\images\squamous.cell.carcinoma_correct_normal_confidence_011_MiniConvNet_gradcam_original.png,C:\Users\shrey\Downloads\MIP_project_part2\Lung-Cancer-Classification-\Lung-Cancer-Classification-\results\gradcam\images\squamous.cell.carcinoma_correct_normal_confidence_011_MiniConvNet_gradcam_heatmap.png,C:\Users\shrey\Downloads\MIP_project_part2\Lung-Cancer-Classification-\Lung-Cancer-Classification-\results\gradcam\images\squamous.cell.carcinoma_correct_normal_confidence_011_MiniConvNet_gradcam_overlay.png,ok,2026-09-06T16:43:28
squamous.cell.carcinoma_correct_normal_confidence_011,MiniConvNet,gradcam_plusplus,C:\Users\shrey\Downloads\MIP_project_part2\Lung-Cancer-Classification-\Lung-Cancer-Classification-\Data\test\squamous.cell.carcinoma\000134 (5).png,000134 (5).png,squamous.cell.carcinoma,squamous.cell.carcinoma,0.5204182863235474,True,correct_normal_confidence,pool_extra,0.6515101592332796,C:\Users\shrey\Downloads\MIP_project_part2\Lung-Cancer-Classification-\Lung-Cancer-Classification-\results\gradcam\images\squamous.cell.carcinoma_correct_normal_confidence_011_MiniConvNet_gradcam_plusplus_original.png,C:\Users\shrey\Downloads\MIP_project_part2\Lung-Cancer-Classification-\Lung-Cancer-Classification-\results\gradcam\images\squamous.cell.carcinoma_correct_normal_confidence_011_MiniConvNet_gradcam_plusplus_heatmap.png,C:\Users\shrey\Downloads\MIP_project_part2\Lung-Cancer-Classification-\Lung-Cancer-Classification-\results\gradcam\images\squamous.cell.carcinoma_correct_normal_confidence_011_MiniConvNet_gradcam_plusplus_overlay.png,ok,2026-09-06T16:43:28
squamous.cell.carcinoma_correct_high_confidence_012,MiniConvNet,gradcam,C:\Users\shrey\Downloads\MIP_project_part2\Lung-Cancer-Classification-\Lung-Cancer-Classification-\Data\test\squamous.cell.carcinoma\000118 (3).png,000118 (3).png,squamous.cell.carcinoma,squamous.cell.carcinoma,0.8463066816329956,True,correct_high_confidence,pool_extra,1.0,C:\Users\shrey\Downloads\MIP_project_part2\Lung-Cancer-Classification-\Lung-Cancer-Classification-\results\gradcam\images\squamous.cell.carcinoma_correct_high_confidence_012_MiniConvNet_gradcam_original.png,C:\Users\shrey\Downloads\MIP_project_part2\Lung-Cancer-Classification-\Lung-Cancer-Classification-\results\gradcam\images\squamous.cell.carcinoma_correct_high_confidence_012_MiniConvNet_gradcam_heatmap.png,C:\Users\shrey\Downloads\MIP_project_part2\Lung-Cancer-Classification-\Lung-Cancer-Classification-\results\gradcam\images\squamous.cell.carcinoma_correct_high_confidence_012_MiniConvNet_gradcam_overlay.png,ok,2026-09-06T16:43:28
squamous.cell.carcinoma_correct_high_confidence_012,MiniConvNet,gradcam_plusplus,C:\Users\shrey\Downloads\MIP_project_part2\Lung-Cancer-Classification-\Lung-Cancer-Classification-\Data\test\squamous.cell.carcinoma\000118 (3).png,000118 (3).png,squamous.cell.carcinoma,squamous.cell.carcinoma,0.8463066816329956,True,correct_high_confidence,pool_extra,0.7694831288193185,C:\Users\shrey\Downloads\MIP_project_part2\Lung-Cancer-Classification-\Lung-Cancer-Classification-\results\gradcam\images\squamous.cell.carcinoma_correct_high_confidence_012_MiniConvNet_gradcam_plusplus_original.png,C:\Users\shrey\Downloads\MIP_project_part2\Lung-Cancer-Classification-\Lung-Cancer-Classification-\results\gradcam\images\squamous.cell.carcinoma_correct_high_confidence_012_MiniConvNet_gradcam_plusplus_heatmap.png,C:\Users\shrey\Downloads\MIP_project_part2\Lung-Cancer-Classification-\Lung-Cancer-Classification-\results\gradcam\images\squamous.cell.carcinoma_correct_high_confidence_012_MiniConvNet_gradcam_plusplus_overlay.png,ok,2026-09-06T16:43:28
squamous.cell.carcinoma_incorrect_normal_confidence_013,MiniConvNet,gradcam,C:\Users\shrey\Downloads\MIP_project_part2\Lung-Cancer-Classification-\Lung-Cancer-Classification-\Data\test\squamous.cell.carcinoma\000129 (2).png,000129 (2).png,squamous.cell.carcinoma,adenocarcinoma,0.4466422200202942,False,incorrect_normal_confidence,pool_extra,0.0,C:\Users\shrey\Downloads\MIP_project_part2\Lung-Cancer-Classification-\Lung-Cancer-Classification-\results\gradcam\images\squamous.cell.carcinoma_incorrect_normal_confidence_013_MiniConvNet_gradcam_original.png,C:\Users\shrey\Downloads\MIP_project_part2\Lung-Cancer-Classification-\Lung-Cancer-Classification-\results\gradcam\images\squamous.cell.carcinoma_incorrect_normal_confidence_013_MiniConvNet_gradcam_heatmap.png,C:\Users\shrey\Downloads\MIP_project_part2\Lung-Cancer-Classification-\Lung-Cancer-Classification-\results\gradcam\images\squamous.cell.carcinoma_incorrect_normal_confidence_013_MiniConvNet_gradcam_overlay.png,ok,2026-09-06T16:43:28
squamous.cell.carcinoma_incorrect_normal_confidence_013,MiniConvNet,gradcam_plusplus,C:\Users\shrey\Downloads\MIP_project_part2\Lung-Cancer-Classification-\Lung-Cancer-Classification-\Data\test\squamous.cell.carcinoma\000129 (2).png,000129 (2).png,squamous.cell.carcinoma,adenocarcinoma,0.4466422200202942,False,incorrect_normal_confidence,pool_extra,0.6922419639579344,C:\Users\shrey\Downloads\MIP_project_part2\Lung-Cancer-Classification-\Lung-Cancer-Classification-\results\gradcam\images\squamous.cell.carcinoma_incorrect_normal_confidence_013_MiniConvNet_gradcam_plusplus_original.png,C:\Users\shrey\Downloads\MIP_project_part2\Lung-Cancer-Classification-\Lung-Cancer-Classification-\results\gradcam\images\squamous.cell.carcinoma_incorrect_normal_confidence_013_MiniConvNet_gradcam_plusplus_heatmap.png,C:\Users\shrey\Downloads\MIP_project_part2\Lung-Cancer-Classification-\Lung-Cancer-Classification-\results\gradcam\images\squamous.cell.carcinoma_incorrect_normal_confidence_013_MiniConvNet_gradcam_plusplus_overlay.png,ok,2026-09-06T16:43:28
squamous.cell.carcinoma_incorrect_high_confidence_014,MiniConvNet,gradcam,C:\Users\shrey\Downloads\MIP_project_part2\Lung-Cancer-Classification-\Lung-Cancer-Classification-\Data\test\squamous.cell.carcinoma\000154 (4).png,000154 (4).png,squamous.cell.carcinoma,adenocarcinoma,0.8005201816558838,False,incorrect_high_confidence,pool_extra,0.15298094512990765,C:\Users\shrey\Downloads\MIP_project_part2\Lung-Cancer-Classification-\Lung-Cancer-Classification-\results\gradcam\images\squamous.cell.carcinoma_incorrect_high_confidence_014_MiniConvNet_gradcam_original.png,C:\Users\shrey\Downloads\MIP_project_part2\Lung-Cancer-Classification-\Lung-Cancer-Classification-\results\gradcam\images\squamous.cell.carcinoma_incorrect_high_confidence_014_MiniConvNet_gradcam_heatmap.png,C:\Users\shrey\Downloads\MIP_project_part2\Lung-Cancer-Classification-\Lung-Cancer-Classification-\results\gradcam\images\squamous.cell.carcinoma_incorrect_high_confidence_014_MiniConvNet_gradcam_overlay.png,ok,2026-09-06T16:43:28
squamous.cell.carcinoma_incorrect_high_confidence_014,MiniConvNet,gradcam_plusplus,C:\Users\shrey\Downloads\MIP_project_part2\Lung-Cancer-Classification-\Lung-Cancer-Classification-\Data\test\squamous.cell.carcinoma\000154 (4).png,000154 (4).png,squamous.cell.carcinoma,adenocarcinoma,0.8005201816558838,False,incorrect_high_confidence,pool_extra,0.5613313954505608,C:\Users\shrey\Downloads\MIP_project_part2\Lung-Cancer-Classification-\Lung-Cancer-Classification-\results\gradcam\images\squamous.cell.carcinoma_incorrect_high_confidence_014_MiniConvNet_gradcam_plusplus_original.png,C:\Users\shrey\Downloads\MIP_project_part2\Lung-Cancer-Classification-\Lung-Cancer-Classification-\results\gradcam\images\squamous.cell.carcinoma_incorrect_high_confidence_014_MiniConvNet_gradcam_plusplus_heatmap.png,C:\Users\shrey\Downloads\MIP_project_part2\Lung-Cancer-Classification-\Lung-Cancer-Classification-\results\gradcam\images\squamous.cell.carcinoma_incorrect_high_confidence_014_MiniConvNet_gradcam_plusplus_overlay.png,ok,2026-09-06T16:43:28
adenocarcinoma_correct_normal_confidence_001,VGG16,gradcam,C:\Users\shrey\Downloads\MIP_project_part2\Lung-Cancer-Classification-\Lung-Cancer-Classification-\Data\test\adenocarcinoma\000160 (6).png,000160 (6).png,adenocarcinoma,adenocarcinoma,0.5970115065574646,True,correct_normal_confidence,vgg16/block5_pool,0.3925239661839994,C:\Users\shrey\Downloads\MIP_project_part2\Lung-Cancer-Classification-\Lung-Cancer-Classification-\results\gradcam\images\adenocarcinoma_correct_normal_confidence_001_VGG16_gradcam_original.png,C:\Users\shrey\Downloads\MIP_project_part2\Lung-Cancer-Classification-\Lung-Cancer-Classification-\results\gradcam\images\adenocarcinoma_correct_normal_confidence_001_VGG16_gradcam_heatmap.png,C:\Users\shrey\Downloads\MIP_project_part2\Lung-Cancer-Classification-\Lung-Cancer-Classification-\results\gradcam\images\adenocarcinoma_correct_normal_confidence_001_VGG16_gradcam_overlay.png,ok,2026-09-06T16:43:29
adenocarcinoma_correct_normal_confidence_001,VGG16,gradcam_plusplus,C:\Users\shrey\Downloads\MIP_project_part2\Lung-Cancer-Classification-\Lung-Cancer-Classification-\Data\test\adenocarcinoma\000160 (6).png,000160 (6).png,adenocarcinoma,adenocarcinoma,0.5970115065574646,True,correct_normal_confidence,vgg16/block5_pool,0.26001898221254094,C:\Users\shrey\Downloads\MIP_project_part2\Lung-Cancer-Classification-\Lung-Cancer-Classification-\results\gradcam\images\adenocarcinoma_correct_normal_confidence_001_VGG16_gradcam_plusplus_original.png,C:\Users\shrey\Downloads\MIP_project_part2\Lung-Cancer-Classification-\Lung-Cancer-Classification-\results\gradcam\images\adenocarcinoma_correct_normal_confidence_001_VGG16_gradcam_plusplus_heatmap.png,C:\Users\shrey\Downloads\MIP_project_part2\Lung-Cancer-Classification-\Lung-Cancer-Classification-\results\gradcam\images\adenocarcinoma_correct_normal_confidence_001_VGG16_gradcam_plusplus_overlay.png,ok,2026-09-06T16:43:30
adenocarcinoma_correct_high_confidence_002,VGG16,gradcam,C:\Users\shrey\Downloads\MIP_project_part2\Lung-Cancer-Classification-\Lung-Cancer-Classification-\Data\test\adenocarcinoma\000172 (3).png,000172 (3).png,adenocarcinoma,adenocarcinoma,0.8946788311004639,True,correct_high_confidence,vgg16/block5_pool,0.3511904200353068,C:\Users\shrey\Downloads\MIP_project_part2\Lung-Cancer-Classification-\Lung-Cancer-Classification-\results\gradcam\images\adenocarcinoma_correct_high_confidence_002_VGG16_gradcam_original.png,C:\Users\shrey\Downloads\MIP_project_part2\Lung-Cancer-Classification-\Lung-Cancer-Classification-\results\gradcam\images\adenocarcinoma_correct_high_confidence_002_VGG16_gradcam_heatmap.png,C:\Users\shrey\Downloads\MIP_project_part2\Lung-Cancer-Classification-\Lung-Cancer-Classification-\results\gradcam\images\adenocarcinoma_correct_high_confidence_002_VGG16_gradcam_overlay.png,ok,2026-09-06T16:43:30
adenocarcinoma_correct_high_confidence_002,VGG16,gradcam_plusplus,C:\Users\shrey\Downloads\MIP_project_part2\Lung-Cancer-Classification-\Lung-Cancer-Classification-\Data\test\adenocarcinoma\000172 (3).png,000172 (3).png,adenocarcinoma,adenocarcinoma,0.8946788311004639,True,correct_high_confidence,vgg16/block5_pool,0.29721392800359164,C:\Users\shrey\Downloads\MIP_project_part2\Lung-Cancer-Classification-\Lung-Cancer-Classification-\results\gradcam\images\adenocarcinoma_correct_high_confidence_002_VGG16_gradcam_plusplus_original.png,C:\Users\shrey\Downloads\MIP_project_part2\Lung-Cancer-Classification-\Lung-Cancer-Classification-\results\gradcam\images\adenocarcinoma_correct_high_confidence_002_VGG16_gradcam_plusplus_heatmap.png,C:\Users\shrey\Downloads\MIP_project_part2\Lung-Cancer-Classification-\Lung-Cancer-Classification-\results\gradcam\images\adenocarcinoma_correct_high_confidence_002_VGG16_gradcam_plusplus_overlay.png,ok,2026-09-06T16:43:31
adenocarcinoma_incorrect_normal_confidence_003,VGG16,gradcam,C:\Users\shrey\Downloads\MIP_project_part2\Lung-Cancer-Classification-\Lung-Cancer-Classification-\Data\test\adenocarcinoma\000133 (4).png,000133 (4).png,adenocarcinoma,squamous.cell.carcinoma,0.43931061029434204,False,incorrect_normal_confidence,vgg16/block5_pool,0.045916408582756425,C:\Users\shrey\Downloads\MIP_project_part2\Lung-Cancer-Classification-\Lung-Cancer-Classification-\results\gradcam\images\adenocarcinoma_incorrect_normal_confidence_003_VGG16_gradcam_original.png,C:\Users\shrey\Downloads\MIP_project_part2\Lung-Cancer-Classification-\Lung-Cancer-Classification-\results\gradcam\images\adenocarcinoma_incorrect_normal_confidence_003_VGG16_gradcam_heatmap.png,C:\Users\shrey\Downloads\MIP_project_part2\Lung-Cancer-Classification-\Lung-Cancer-Classification-\results\gradcam\images\adenocarcinoma_incorrect_normal_confidence_003_VGG16_gradcam_overlay.png,ok,2026-09-06T16:43:31
adenocarcinoma_incorrect_normal_confidence_003,VGG16,gradcam_plusplus,C:\Users\shrey\Downloads\MIP_project_part2\Lung-Cancer-Classification-\Lung-Cancer-Classification-\Data\test\adenocarcinoma\000133 (4).png,000133 (4).png,adenocarcinoma,squamous.cell.carcinoma,0.43931061029434204,False,incorrect_normal_confidence,vgg16/block5_pool,0.22386558256160125,C:\Users\shrey\Downloads\MIP_project_part2\Lung-Cancer-Classification-\Lung-Cancer-Classification-\results\gradcam\images\adenocarcinoma_incorrect_normal_confidence_003_VGG16_gradcam_plusplus_original.png,C:\Users\shrey\Downloads\MIP_project_part2\Lung-Cancer-Classification-\Lung-Cancer-Classification-\results\gradcam\images\adenocarcinoma_incorrect_normal_confidence_003_VGG16_gradcam_plusplus_heatmap.png,C:\Users\shrey\Downloads\MIP_project_part2\Lung-Cancer-Classification-\Lung-Cancer-Classification-\results\gradcam\images\adenocarcinoma_incorrect_normal_confidence_003_VGG16_gradcam_plusplus_overlay.png,ok,2026-09-06T16:43:32
adenocarcinoma_incorrect_high_confidence_004,VGG16,gradcam,C:\Users\shrey\Downloads\MIP_project_part2\Lung-Cancer-Classification-\Lung-Cancer-Classification-\Data\test\adenocarcinoma\000158 (3).png,000158 (3).png,adenocarcinoma,large.cell.carcinoma,0.8069308400154114,False,incorrect_high_confidence,vgg16/block5_pool,0.16192201218770436,C:\Users\shrey\Downloads\MIP_project_part2\Lung-Cancer-Classification-\Lung-Cancer-Classification-\results\gradcam\images\adenocarcinoma_incorrect_high_confidence_004_VGG16_gradcam_original.png,C:\Users\shrey\Downloads\MIP_project_part2\Lung-Cancer-Classification-\Lung-Cancer-Classification-\results\gradcam\images\adenocarcinoma_incorrect_high_confidence_004_VGG16_gradcam_heatmap.png,C:\Users\shrey\Downloads\MIP_project_part2\Lung-Cancer-Classification-\Lung-Cancer-Classification-\results\gradcam\images\adenocarcinoma_incorrect_high_confidence_004_VGG16_gradcam_overlay.png,ok,2026-09-06T16:43:32
adenocarcinoma_incorrect_high_confidence_004,VGG16,gradcam_plusplus,C:\Users\shrey\Downloads\MIP_project_part2\Lung-Cancer-Classification-\Lung-Cancer-Classification-\Data\test\adenocarcinoma\000158 (3).png,000158 (3).png,adenocarcinoma,large.cell.carcinoma,0.8069308400154114,False,incorrect_high_confidence,vgg16/block5_pool,0.36968657208760397,C:\Users\shrey\Downloads\MIP_project_part2\Lung-Cancer-Classification-\Lung-Cancer-Classification-\results\gradcam\images\adenocarcinoma_incorrect_high_confidence_004_VGG16_gradcam_plusplus_original.png,C:\Users\shrey\Downloads\MIP_project_part2\Lung-Cancer-Classification-\Lung-Cancer-Classification-\results\gradcam\images\adenocarcinoma_incorrect_high_confidence_004_VGG16_gradcam_plusplus_heatmap.png,C:\Users\shrey\Downloads\MIP_project_part2\Lung-Cancer-Classification-\Lung-Cancer-Classification-\results\gradcam\images\adenocarcinoma_incorrect_high_confidence_004_VGG16_gradcam_plusplus_overlay.png,ok,2026-09-06T16:43:33
large.cell.carcinoma_correct_normal_confidence_005,VGG16,gradcam,C:\Users\shrey\Downloads\MIP_project_part2\Lung-Cancer-Classification-\Lung-Cancer-Classification-\Data\test\large.cell.carcinoma\000133.png,000133.png,large.cell.carcinoma,large.cell.carcinoma,0.719825804233551,True,correct_normal_confidence,vgg16/block5_pool,0.30206904070040635,C:\Users\shrey\Downloads\MIP_project_part2\Lung-Cancer-Classification-\Lung-Cancer-Classification-\results\gradcam\images\large.cell.carcinoma_correct_normal_confidence_005_VGG16_gradcam_original.png,C:\Users\shrey\Downloads\MIP_project_part2\Lung-Cancer-Classification-\Lung-Cancer-Classification-\results\gradcam\images\large.cell.carcinoma_correct_normal_confidence_005_VGG16_gradcam_heatmap.png,C:\Users\shrey\Downloads\MIP_project_part2\Lung-Cancer-Classification-\Lung-Cancer-Classification-\results\gradcam\images\large.cell.carcinoma_correct_normal_confidence_005_VGG16_gradcam_overlay.png,ok,2026-09-06T16:43:33
large.cell.carcinoma_correct_normal_confidence_005,VGG16,gradcam_plusplus,C:\Users\shrey\Downloads\MIP_project_part2\Lung-Cancer-Classification-\Lung-Cancer-Classification-\Data\test\large.cell.carcinoma\000133.png,000133.png,large.cell.carcinoma,large.cell.carcinoma,0.719825804233551,True,correct_normal_confidence,vgg16/block5_pool,0.3685019541875154,C:\Users\shrey\Downloads\MIP_project_part2\Lung-Cancer-Classification-\Lung-Cancer-Classification-\results\gradcam\images\large.cell.carcinoma_correct_normal_confidence_005_VGG16_gradcam_plusplus_original.png,C:\Users\shrey\Downloads\MIP_project_part2\Lung-Cancer-Classification-\Lung-Cancer-Classification-\results\gradcam\images\large.cell.carcinoma_correct_normal_confidence_005_VGG16_gradcam_plusplus_heatmap.png,C:\Users\shrey\Downloads\MIP_project_part2\Lung-Cancer-Classification-\Lung-Cancer-Classification-\results\gradcam\images\large.cell.carcinoma_correct_normal_confidence_005_VGG16_gradcam_plusplus_overlay.png,ok,2026-09-06T16:43:34
large.cell.carcinoma_correct_high_confidence_006,VGG16,gradcam,C:\Users\shrey\Downloads\MIP_project_part2\Lung-Cancer-Classification-\Lung-Cancer-Classification-\Data\test\large.cell.carcinoma\000124 (2).png,000124 (2).png,large.cell.carcinoma,large.cell.carcinoma,0.9158464670181274,True,correct_high_confidence,vgg16/block5_pool,0.6305938363616782,C:\Users\shrey\Downloads\MIP_project_part2\Lung-Cancer-Classification-\Lung-Cancer-Classification-\results\gradcam\images\large.cell.carcinoma_correct_high_confidence_006_VGG16_gradcam_original.png,C:\Users\shrey\Downloads\MIP_project_part2\Lung-Cancer-Classification-\Lung-Cancer-Classification-\results\gradcam\images\large.cell.carcinoma_correct_high_confidence_006_VGG16_gradcam_heatmap.png,C:\Users\shrey\Downloads\MIP_project_part2\Lung-Cancer-Classification-\Lung-Cancer-Classification-\results\gradcam\images\large.cell.carcinoma_correct_high_confidence_006_VGG16_gradcam_overlay.png,ok,2026-09-06T16:43:35
large.cell.carcinoma_correct_high_confidence_006,VGG16,gradcam_plusplus,C:\Users\shrey\Downloads\MIP_project_part2\Lung-Cancer-Classification-\Lung-Cancer-Classification-\Data\test\large.cell.carcinoma\000124 (2).png,000124 (2).png,large.cell.carcinoma,large.cell.carcinoma,0.9158464670181274,True,correct_high_confidence,vgg16/block5_pool,0.44232230571109504,C:\Users\shrey\Downloads\MIP_project_part2\Lung-Cancer-Classification-\Lung-Cancer-Classification-\results\gradcam\images\large.cell.carcinoma_correct_high_confidence_006_VGG16_gradcam_plusplus_original.png,C:\Users\shrey\Downloads\MIP_project_part2\Lung-Cancer-Classification-\Lung-Cancer-Classification-\results\gradcam\images\large.cell.carcinoma_correct_high_confidence_006_VGG16_gradcam_plusplus_heatmap.png,C:\Users\shrey\Downloads\MIP_project_part2\Lung-Cancer-Classification-\Lung-Cancer-Classification-\results\gradcam\images\large.cell.carcinoma_correct_high_confidence_006_VGG16_gradcam_plusplus_overlay.png,ok,2026-09-06T16:43:35
large.cell.carcinoma_incorrect_normal_confidence_007,VGG16,gradcam,C:\Users\shrey\Downloads\MIP_project_part2\Lung-Cancer-Classification-\Lung-Cancer-Classification-\Data\test\large.cell.carcinoma\000143.png,000143.png,large.cell.carcinoma,normal,0.5793867111206055,False,incorrect_normal_confidence,vgg16/block5_pool,0.17297059906510287,C:\Users\shrey\Downloads\MIP_project_part2\Lung-Cancer-Classification-\Lung-Cancer-Classification-\results\gradcam\images\large.cell.carcinoma_incorrect_normal_confidence_007_VGG16_gradcam_original.png,C:\Users\shrey\Downloads\MIP_project_part2\Lung-Cancer-Classification-\Lung-Cancer-Classification-\results\gradcam\images\large.cell.carcinoma_incorrect_normal_confidence_007_VGG16_gradcam_heatmap.png,C:\Users\shrey\Downloads\MIP_project_part2\Lung-Cancer-Classification-\Lung-Cancer-Classification-\results\gradcam\images\large.cell.carcinoma_incorrect_normal_confidence_007_VGG16_gradcam_overlay.png,ok,2026-09-06T16:43:36
large.cell.carcinoma_incorrect_normal_confidence_007,VGG16,gradcam_plusplus,C:\Users\shrey\Downloads\MIP_project_part2\Lung-Cancer-Classification-\Lung-Cancer-Classification-\Data\test\large.cell.carcinoma\000143.png,000143.png,large.cell.carcinoma,normal,0.5793867111206055,False,incorrect_normal_confidence,vgg16/block5_pool,0.2290315535138034,C:\Users\shrey\Downloads\MIP_project_part2\Lung-Cancer-Classification-\Lung-Cancer-Classification-\results\gradcam\images\large.cell.carcinoma_incorrect_normal_confidence_007_VGG16_gradcam_plusplus_original.png,C:\Users\shrey\Downloads\MIP_project_part2\Lung-Cancer-Classification-\Lung-Cancer-Classification-\results\gradcam\images\large.cell.carcinoma_incorrect_normal_confidence_007_VGG16_gradcam_plusplus_heatmap.png,C:\Users\shrey\Downloads\MIP_project_part2\Lung-Cancer-Classification-\Lung-Cancer-Classification-\results\gradcam\images\large.cell.carcinoma_incorrect_normal_confidence_007_VGG16_gradcam_plusplus_overlay.png,ok,2026-09-06T16:43:36
large.cell.carcinoma_incorrect_high_confidence_008,VGG16,gradcam,C:\Users\shrey\Downloads\MIP_project_part2\Lung-Cancer-Classification-\Lung-Cancer-Classification-\Data\test\large.cell.carcinoma\000170.png,000170.png,large.cell.carcinoma,adenocarcinoma,0.8691942095756531,False,incorrect_high_confidence,vgg16/block5_pool,0.28318955404241253,C:\Users\shrey\Downloads\MIP_project_part2\Lung-Cancer-Classification-\Lung-Cancer-Classification-\results\gradcam\images\large.cell.carcinoma_incorrect_high_confidence_008_VGG16_gradcam_original.png,C:\Users\shrey\Downloads\MIP_project_part2\Lung-Cancer-Classification-\Lung-Cancer-Classification-\results\gradcam\images\large.cell.carcinoma_incorrect_high_confidence_008_VGG16_gradcam_heatmap.png,C:\Users\shrey\Downloads\MIP_project_part2\Lung-Cancer-Classification-\Lung-Cancer-Classification-\results\gradcam\images\large.cell.carcinoma_incorrect_high_confidence_008_VGG16_gradcam_overlay.png,ok,2026-09-06T16:43:37
large.cell.carcinoma_incorrect_high_confidence_008,VGG16,gradcam_plusplus,C:\Users\shrey\Downloads\MIP_project_part2\Lung-Cancer-Classification-\Lung-Cancer-Classification-\Data\test\large.cell.carcinoma\000170.png,000170.png,large.cell.carcinoma,adenocarcinoma,0.8691942095756531,False,incorrect_high_confidence,vgg16/block5_pool,0.24349785309735622,C:\Users\shrey\Downloads\MIP_project_part2\Lung-Cancer-Classification-\Lung-Cancer-Classification-\results\gradcam\images\large.cell.carcinoma_incorrect_high_confidence_008_VGG16_gradcam_plusplus_original.png,C:\Users\shrey\Downloads\MIP_project_part2\Lung-Cancer-Classification-\Lung-Cancer-Classification-\results\gradcam\images\large.cell.carcinoma_incorrect_high_confidence_008_VGG16_gradcam_plusplus_heatmap.png,C:\Users\shrey\Downloads\MIP_project_part2\Lung-Cancer-Classification-\Lung-Cancer-Classification-\results\gradcam\images\large.cell.carcinoma_incorrect_high_confidence_008_VGG16_gradcam_plusplus_overlay.png,ok,2026-09-06T16:43:37
normal_correct_high_confidence_009,VGG16,gradcam,C:\Users\shrey\Downloads\MIP_project_part2\Lung-Cancer-Classification-\Lung-Cancer-Classification-\Data\test\normal\22.png,22.png,normal,normal,0.9823363423347473,True,correct_high_confidence,vgg16/block5_pool,0.3243045904505994,C:\Users\shrey\Downloads\MIP_project_part2\Lung-Cancer-Classification-\Lung-Cancer-Classification-\results\gradcam\images\normal_correct_high_confidence_009_VGG16_gradcam_original.png,C:\Users\shrey\Downloads\MIP_project_part2\Lung-Cancer-Classification-\Lung-Cancer-Classification-\results\gradcam\images\normal_correct_high_confidence_009_VGG16_gradcam_heatmap.png,C:\Users\shrey\Downloads\MIP_project_part2\Lung-Cancer-Classification-\Lung-Cancer-Classification-\results\gradcam\images\normal_correct_high_confidence_009_VGG16_gradcam_overlay.png,ok,2026-09-06T16:43:38
normal_correct_high_confidence_009,VGG16,gradcam_plusplus,C:\Users\shrey\Downloads\MIP_project_part2\Lung-Cancer-Classification-\Lung-Cancer-Classification-\Data\test\normal\22.png,22.png,normal,normal,0.9823363423347473,True,correct_high_confidence,vgg16/block5_pool,0.4282014535902034,C:\Users\shrey\Downloads\MIP_project_part2\Lung-Cancer-Classification-\Lung-Cancer-Classification-\results\gradcam\images\normal_correct_high_confidence_009_VGG16_gradcam_plusplus_original.png,C:\Users\shrey\Downloads\MIP_project_part2\Lung-Cancer-Classification-\Lung-Cancer-Classification-\results\gradcam\images\normal_correct_high_confidence_009_VGG16_gradcam_plusplus_heatmap.png,C:\Users\shrey\Downloads\MIP_project_part2\Lung-Cancer-Classification-\Lung-Cancer-Classification-\results\gradcam\images\normal_correct_high_confidence_009_VGG16_gradcam_plusplus_overlay.png,ok,2026-09-06T16:43:39
squamous.cell.carcinoma_correct_normal_confidence_010,VGG16,gradcam,C:\Users\shrey\Downloads\MIP_project_part2\Lung-Cancer-Classification-\Lung-Cancer-Classification-\Data\test\squamous.cell.carcinoma\000121.png,000121.png,squamous.cell.carcinoma,squamous.cell.carcinoma,0.6476280093193054,True,correct_normal_confidence,vgg16/block5_pool,0.22210076658752487,C:\Users\shrey\Downloads\MIP_project_part2\Lung-Cancer-Classification-\Lung-Cancer-Classification-\results\gradcam\images\squamous.cell.carcinoma_correct_normal_confidence_010_VGG16_gradcam_original.png,C:\Users\shrey\Downloads\MIP_project_part2\Lung-Cancer-Classification-\Lung-Cancer-Classification-\results\gradcam\images\squamous.cell.carcinoma_correct_normal_confidence_010_VGG16_gradcam_heatmap.png,C:\Users\shrey\Downloads\MIP_project_part2\Lung-Cancer-Classification-\Lung-Cancer-Classification-\results\gradcam\images\squamous.cell.carcinoma_correct_normal_confidence_010_VGG16_gradcam_overlay.png,ok,2026-09-06T16:43:39
squamous.cell.carcinoma_correct_normal_confidence_010,VGG16,gradcam_plusplus,C:\Users\shrey\Downloads\MIP_project_part2\Lung-Cancer-Classification-\Lung-Cancer-Classification-\Data\test\squamous.cell.carcinoma\000121.png,000121.png,squamous.cell.carcinoma,squamous.cell.carcinoma,0.6476280093193054,True,correct_normal_confidence,vgg16/block5_pool,0.3598960490476228,C:\Users\shrey\Downloads\MIP_project_part2\Lung-Cancer-Classification-\Lung-Cancer-Classification-\results\gradcam\images\squamous.cell.carcinoma_correct_normal_confidence_010_VGG16_gradcam_plusplus_original.png,C:\Users\shrey\Downloads\MIP_project_part2\Lung-Cancer-Classification-\Lung-Cancer-Classification-\results\gradcam\images\squamous.cell.carcinoma_correct_normal_confidence_010_VGG16_gradcam_plusplus_heatmap.png,C:\Users\shrey\Downloads\MIP_project_part2\Lung-Cancer-Classification-\Lung-Cancer-Classification-\results\gradcam\images\squamous.cell.carcinoma_correct_normal_confidence_010_VGG16_gradcam_plusplus_overlay.png,ok,2026-09-06T16:43:40
squamous.cell.carcinoma_correct_high_confidence_011,VGG16,gradcam,C:\Users\shrey\Downloads\MIP_project_part2\Lung-Cancer-Classification-\Lung-Cancer-Classification-\Data\test\squamous.cell.carcinoma\000155.png,000155.png,squamous.cell.carcinoma,squamous.cell.carcinoma,0.7640123963356018,True,correct_high_confidence,vgg16/block5_pool,0.048931092813662556,C:\Users\shrey\Downloads\MIP_project_part2\Lung-Cancer-Classification-\Lung-Cancer-Classification-\results\gradcam\images\squamous.cell.carcinoma_correct_high_confidence_011_VGG16_gradcam_original.png,C:\Users\shrey\Downloads\MIP_project_part2\Lung-Cancer-Classification-\Lung-Cancer-Classification-\results\gradcam\images\squamous.cell.carcinoma_correct_high_confidence_011_VGG16_gradcam_heatmap.png,C:\Users\shrey\Downloads\MIP_project_part2\Lung-Cancer-Classification-\Lung-Cancer-Classification-\results\gradcam\images\squamous.cell.carcinoma_correct_high_confidence_011_VGG16_gradcam_overlay.png,ok,2026-09-06T16:43:40
squamous.cell.carcinoma_correct_high_confidence_011,VGG16,gradcam_plusplus,C:\Users\shrey\Downloads\MIP_project_part2\Lung-Cancer-Classification-\Lung-Cancer-Classification-\Data\test\squamous.cell.carcinoma\000155.png,000155.png,squamous.cell.carcinoma,squamous.cell.carcinoma,0.7640123963356018,True,correct_high_confidence,vgg16/block5_pool,0.2797649656165962,C:\Users\shrey\Downloads\MIP_project_part2\Lung-Cancer-Classification-\Lung-Cancer-Classification-\results\gradcam\images\squamous.cell.carcinoma_correct_high_confidence_011_VGG16_gradcam_plusplus_original.png,C:\Users\shrey\Downloads\MIP_project_part2\Lung-Cancer-Classification-\Lung-Cancer-Classification-\results\gradcam\images\squamous.cell.carcinoma_correct_high_confidence_011_VGG16_gradcam_plusplus_heatmap.png,C:\Users\shrey\Downloads\MIP_project_part2\Lung-Cancer-Classification-\Lung-Cancer-Classification-\results\gradcam\images\squamous.cell.carcinoma_correct_high_confidence_011_VGG16_gradcam_plusplus_overlay.png,ok,2026-09-06T16:43:41
squamous.cell.carcinoma_incorrect_normal_confidence_012,VGG16,gradcam,C:\Users\shrey\Downloads\MIP_project_part2\Lung-Cancer-Classification-\Lung-Cancer-Classification-\Data\test\squamous.cell.carcinoma\000108 (6).png,000108 (6).png,squamous.cell.carcinoma,adenocarcinoma,0.5765349864959717,False,incorrect_normal_confidence,vgg16/block5_pool,0.6124846846544434,C:\Users\shrey\Downloads\MIP_project_part2\Lung-Cancer-Classification-\Lung-Cancer-Classification-\results\gradcam\images\squamous.cell.carcinoma_incorrect_normal_confidence_012_VGG16_gradcam_original.png,C:\Users\shrey\Downloads\MIP_project_part2\Lung-Cancer-Classification-\Lung-Cancer-Classification-\results\gradcam\images\squamous.cell.carcinoma_incorrect_normal_confidence_012_VGG16_gradcam_heatmap.png,C:\Users\shrey\Downloads\MIP_project_part2\Lung-Cancer-Classification-\Lung-Cancer-Classification-\results\gradcam\images\squamous.cell.carcinoma_incorrect_normal_confidence_012_VGG16_gradcam_overlay.png,ok,2026-09-06T16:43:41
squamous.cell.carcinoma_incorrect_normal_confidence_012,VGG16,gradcam_plusplus,C:\Users\shrey\Downloads\MIP_project_part2\Lung-Cancer-Classification-\Lung-Cancer-Classification-\Data\test\squamous.cell.carcinoma\000108 (6).png,000108 (6).png,squamous.cell.carcinoma,adenocarcinoma,0.5765349864959717,False,incorrect_normal_confidence,vgg16/block5_pool,0.29206454897103445,C:\Users\shrey\Downloads\MIP_project_part2\Lung-Cancer-Classification-\Lung-Cancer-Classification-\results\gradcam\images\squamous.cell.carcinoma_incorrect_normal_confidence_012_VGG16_gradcam_plusplus_original.png,C:\Users\shrey\Downloads\MIP_project_part2\Lung-Cancer-Classification-\Lung-Cancer-Classification-\results\gradcam\images\squamous.cell.carcinoma_incorrect_normal_confidence_012_VGG16_gradcam_plusplus_heatmap.png,C:\Users\shrey\Downloads\MIP_project_part2\Lung-Cancer-Classification-\Lung-Cancer-Classification-\results\gradcam\images\squamous.cell.carcinoma_incorrect_normal_confidence_012_VGG16_gradcam_plusplus_overlay.png,ok,2026-09-06T16:43:42
squamous.cell.carcinoma_incorrect_high_confidence_013,VGG16,gradcam,C:\Users\shrey\Downloads\MIP_project_part2\Lung-Cancer-Classification-\Lung-Cancer-Classification-\Data\test\squamous.cell.carcinoma\000167 (2).png,000167 (2).png,squamous.cell.carcinoma,adenocarcinoma,0.782272458076477,False,incorrect_high_confidence,vgg16/block5_pool,0.3695950991312617,C:\Users\shrey\Downloads\MIP_project_part2\Lung-Cancer-Classification-\Lung-Cancer-Classification-\results\gradcam\images\squamous.cell.carcinoma_incorrect_high_confidence_013_VGG16_gradcam_original.png,C:\Users\shrey\Downloads\MIP_project_part2\Lung-Cancer-Classification-\Lung-Cancer-Classification-\results\gradcam\images\squamous.cell.carcinoma_incorrect_high_confidence_013_VGG16_gradcam_heatmap.png,C:\Users\shrey\Downloads\MIP_project_part2\Lung-Cancer-Classification-\Lung-Cancer-Classification-\results\gradcam\images\squamous.cell.carcinoma_incorrect_high_confidence_013_VGG16_gradcam_overlay.png,ok,2026-09-06T16:43:42
squamous.cell.carcinoma_incorrect_high_confidence_013,VGG16,gradcam_plusplus,C:\Users\shrey\Downloads\MIP_project_part2\Lung-Cancer-Classification-\Lung-Cancer-Classification-\Data\test\squamous.cell.carcinoma\000167 (2).png,000167 (2).png,squamous.cell.carcinoma,adenocarcinoma,0.782272458076477,False,incorrect_high_confidence,vgg16/block5_pool,0.3642986565943316,C:\Users\shrey\Downloads\MIP_project_part2\Lung-Cancer-Classification-\Lung-Cancer-Classification-\results\gradcam\images\squamous.cell.carcinoma_incorrect_high_confidence_013_VGG16_gradcam_plusplus_original.png,C:\Users\shrey\Downloads\MIP_project_part2\Lung-Cancer-Classification-\Lung-Cancer-Classification-\results\gradcam\images\squamous.cell.carcinoma_incorrect_high_confidence_013_VGG16_gradcam_plusplus_heatmap.png,C:\Users\shrey\Downloads\MIP_project_part2\Lung-Cancer-Classification-\Lung-Cancer-Classification-\results\gradcam\images\squamous.cell.carcinoma_incorrect_high_confidence_013_VGG16_gradcam_plusplus_overlay.png,ok,2026-09-06T16:43:43
